,Load Profile
2016-01-01 00:00:00,0.18200000000000013
2016-01-01 00:01:00,0.18300000000000013
2016-01-01 00:02:00,22186.28826997441
2016-01-01 00:03:00,22186.291269974412
2016-01-01 00:04:00,22186.297269974413
2016-01-01 00:05:00,22186.300269974414
2016-01-01 00:06:00,22186.301269974414
2016-01-01 00:07:00,22186.30526997441
2016-01-01 00:08:00,22186.30626997441
2016-01-01 00:09:00,155145.60294627913
2016-01-01 00:10:00,270838.58752005687
2016-01-01 00:11:00,248652.48825008245
2016-01-01 00:12:00,248652.49225008243
2016-01-01 00:13:00,248652.49525008246
2016-01-01 00:14:00,248652.49725008244
2016-01-01 00:15:00,296723.0286898439
2016-01-01 00:16:00,296723.0296898439
2016-01-01 00:17:00,163763.73601353916
2016-01-01 00:18:00,48070.760439761456
2016-01-01 00:19:00,69637.93988802281
2016-01-01 00:20:00,69637.94088802281
2016-01-01 00:21:00,63673.76412240809
2016-01-01 00:22:00,81859.85991189681
2016-01-01 00:23:00,81859.8619118968
2016-01-01 00:24:00,81859.8649118968
2016-01-01 00:25:00,81859.8659118968
2016-01-01 00:26:00,140536.64241003364
2016-01-01 00:27:00,160920.06163286648
2016-01-01 00:28:00,186063.0127998621
2016-01-01 00:29:00,166089.05026135888
2016-01-01 00:30:00,143956.67612571514
2016-01-01 00:31:00,253322.22391187423
2016-01-01 00:32:00,253322.22691187423
2016-01-01 00:33:00,253322.2289118742
2016-01-01 00:34:00,177964.21968226926
2016-01-01 00:35:00,295420.89677998476
2016-01-01 00:36:00,295420.9017799847
2016-01-01 00:37:00,252091.86382350032
2016-01-01 00:38:00,252091.86582350035
2016-01-01 00:39:00,291375.6727428784
2016-01-01 00:40:00,234408.2328302733
2016-01-01 00:41:00,313381.6129485675
2016-01-01 00:42:00,313381.6149485674
2016-01-01 00:43:00,313381.6169485674
2016-01-01 00:44:00,313381.6199485675
2016-01-01 00:45:00,238885.36412097194
2016-01-01 00:46:00,283088.33790044393
2016-01-01 00:47:00,283088.33790044393
2016-01-01 00:48:00,301479.0109689012
2016-01-01 00:49:00,245956.8234169997
2016-01-01 00:50:00,287691.179477733
2016-01-01 00:51:00,193386.44539620556
2016-01-01 00:52:00,170267.0964172015
2016-01-01 00:53:00,170267.1004172015
2016-01-01 00:54:00,336968.54038384696
2016-01-01 00:55:00,298736.8160242738
2016-01-01 00:56:00,364392.64203119185
2016-01-01 00:57:00,353161.25496636395
2016-01-01 00:58:00,353161.261966364
2016-01-01 00:59:00,452409.8613352247
2016-01-01 01:00:00,410675.50927449163
2016-01-01 01:01:00,428584.0799917807
2016-01-01 01:02:00,257554.62688468207
2016-01-01 01:03:00,237196.7502116565
2016-01-01 01:04:00,263024.0928077926
2016-01-01 01:05:00,263024.09480779263
2016-01-01 01:06:00,270446.6396474263
2016-01-01 01:07:00,363087.6840010971
2016-01-01 01:08:00,363087.6860010971
2016-01-01 01:09:00,311964.42458704294
2016-01-01 01:10:00,263938.3537093394
2016-01-01 01:11:00,227258.59208017832
2016-01-01 01:12:00,227258.59208017832
2016-01-01 01:13:00,227258.59208017832
2016-01-01 01:14:00,227258.59208017832
2016-01-01 01:15:00,97944.31406386656
2016-01-01 01:16:00,205581.93117845157
2016-01-01 01:17:00,155763.32906939165
2016-01-01 01:18:00,144152.24788500168
2016-01-01 01:19:00,144152.24788500168
2016-01-01 01:20:00,144152.24788500168
2016-01-01 01:21:00,144152.24788500168
2016-01-01 01:22:00,205217.46652234343
2016-01-01 01:23:00,205217.46652234343
2016-01-01 01:24:00,205217.46652234343
2016-01-01 01:25:00,255263.69687932843
2016-01-01 01:26:00,111111.82999432714
2016-01-01 01:27:00,162983.2351025988
2016-01-01 01:28:00,101918.01646525794
2016-01-01 01:29:00,101918.01646525794
2016-01-01 01:30:00,101918.01646525794
2016-01-01 01:31:00,101918.01646525794
2016-01-01 01:32:00,101918.01646525794
2016-01-01 01:33:00,101918.01646525794
2016-01-01 01:34:00,51871.78610827157
2016-01-01 01:35:00,51871.78610827157
2016-01-01 01:36:00,0.3810000000000003
2016-01-01 01:37:00,59983.534465438715
2016-01-01 01:38:00,59983.534465438715
2016-01-01 01:39:00,91233.39911219926
2016-01-01 01:40:00,141378.4272589373
2016-01-01 01:41:00,141378.4272589373
2016-01-01 01:42:00,192629.5790003231
2016-01-01 01:43:00,132646.42553488456
2016-01-01 01:44:00,132646.42553488456
2016-01-01 01:45:00,132646.42553488456
2016-01-01 01:46:00,167511.9035481038
2016-01-01 01:47:00,209626.6293508218
2016-01-01 01:48:00,179707.47500753382
2016-01-01 01:49:00,148457.61036077322
2016-01-01 01:50:00,148457.61036077322
2016-01-01 01:51:00,148457.61036077322
2016-01-01 01:52:00,97206.4586193872
2016-01-01 01:53:00,80905.75255000294
2016-01-01 01:54:00,125079.52774099055
2016-01-01 01:55:00,106514.75579715561
2016-01-01 01:56:00,106514.75579715561
2016-01-01 01:57:00,86288.88199370551
2016-01-01 01:58:00,44174.15619098761
2016-01-01 01:59:00,90019.32319287775
2016-01-01 02:00:00,67145.86601993136
2016-01-01 02:01:00,67145.86601993136
2016-01-01 02:02:00,67145.86601993136
2016-01-01 02:03:00,45845.54800189013
2016-01-01 02:04:00,45845.54800189013
2016-01-01 02:05:00,45845.54800189013
2016-01-01 02:06:00,45845.54800189013
2016-01-01 02:07:00,99052.68927855749
2016-01-01 02:08:00,157111.69529227773
2016-01-01 02:09:00,157111.69529227773
2016-01-01 02:10:00,111266.52829038729
2016-01-01 02:11:00,111266.52829038729
2016-01-01 02:12:00,111266.52829038729
2016-01-01 02:13:00,165561.160586185
2016-01-01 02:14:00,165561.160586185
2016-01-01 02:15:00,238604.24399078527
2016-01-01 02:16:00,127338.09670039738
2016-01-01 02:17:00,146653.34151098438
2016-01-01 02:18:00,146653.34151098438
2016-01-01 02:19:00,146653.34151098438
2016-01-01 02:20:00,169846.60782151367
2016-01-01 02:21:00,169846.60782151367
2016-01-01 02:22:00,161530.61500303188
2016-01-01 02:23:00,161530.61500303188
2016-01-01 02:24:00,182646.18968644438
2016-01-01 02:25:00,112184.97517980123
2016-01-01 02:26:00,112184.97517980123
2016-01-01 02:27:00,165170.56248863385
2016-01-01 02:28:00,207787.03136358177
2016-01-01 02:29:00,180853.7252223284
2016-01-01 02:30:00,180853.7252223284
2016-01-01 02:31:00,180853.7252223284
2016-01-01 02:32:00,311476.64032310044
2016-01-01 02:33:00,215478.36462231164
2016-01-01 02:34:00,269401.05723555764
2016-01-01 02:35:00,269401.05723555764
2016-01-01 02:36:00,269401.05723555764
2016-01-01 02:37:00,269401.05723555764
2016-01-01 02:38:00,269401.05723555764
2016-01-01 02:39:00,269401.05723555764
2016-01-01 02:40:00,191717.70200991895
2016-01-01 02:41:00,98918.5803524492
2016-01-01 02:42:00,53002.809074678735
2016-01-01 02:43:00,53002.809074678735
2016-01-01 02:44:00,53002.809074678735
2016-01-01 02:45:00,73844.979532335
2016-01-01 02:46:00,162005.13716254613
2016-01-01 02:47:00,162005.13716254613
2016-01-01 02:48:00,109002.70908786776
2016-01-01 02:49:00,159742.03878210843
2016-01-01 02:50:00,159742.03878210843
2016-01-01 02:51:00,159742.03878210843
2016-01-01 02:52:00,159742.03878210843
2016-01-01 02:53:00,266824.944904006
2016-01-01 02:54:00,284722.80735950003
2016-01-01 02:55:00,262658.62527448195
2016-01-01 02:56:00,262658.62527448195
2016-01-01 02:57:00,262658.62527448195
2016-01-01 02:58:00,378722.0433466263
2016-01-01 02:59:00,373235.6493102283
2016-01-01 03:00:00,488827.1345932586
2016-01-01 03:01:00,488827.1345932586
2016-01-01 03:02:00,488827.1345932586
2016-01-01 03:03:00,360902.05801370484
2016-01-01 03:04:00,360902.05801370484
2016-01-01 03:05:00,375884.9955448151
2016-01-01 03:06:00,433316.0390457847
2016-01-01 03:07:00,509283.4019641065
2016-01-01 03:08:00,389373.9329584982
2016-01-01 03:09:00,437482.55538685335
2016-01-01 03:10:00,416411.5279345182
2016-01-01 03:11:00,501539.71233688307
2016-01-01 03:12:00,562540.276733189
2016-01-01 03:13:00,546873.2196394869
2016-01-01 03:14:00,588906.899786113
2016-01-01 03:15:00,483068.7322775996
2016-01-01 03:16:00,206373.24691739763
2016-01-01 03:17:00,206373.24691739763
2016-01-01 03:18:00,231382.58268647143
2016-01-01 03:19:00,273491.00038580084
2016-01-01 03:20:00,336546.8766144253
2016-01-01 03:21:00,394380.84334511455
2016-01-01 03:22:00,394380.84334511455
2016-01-01 03:23:00,394380.84334511455
2016-01-01 03:24:00,417718.63578112033
2016-01-01 03:25:00,308589.1859498941
2016-01-01 03:26:00,359302.43301765836
2016-01-01 03:27:00,522645.6324836451
2016-01-01 03:28:00,450759.4639488396
2016-01-01 03:29:00,360080.3571070753
2016-01-01 03:30:00,360080.3571070753
2016-01-01 03:31:00,376439.2289601391
2016-01-01 03:32:00,414872.1311724972
2016-01-01 03:33:00,414872.1311724972
2016-01-01 03:34:00,414872.1311724972
2016-01-01 03:35:00,310517.18481840973
2016-01-01 03:36:00,200815.68463874565
2016-01-01 03:37:00,190724.76278900026
2016-01-01 03:38:00,169494.06581094442
2016-01-01 03:39:00,154119.41964864818
2016-01-01 03:40:00,97122.67899001777
2016-01-01 03:41:00,145452.85089879145
2016-01-01 03:42:00,145452.85089879145
2016-01-01 03:43:00,145452.85089879145
2016-01-01 03:44:00,145452.85089879145
2016-01-01 03:45:00,106471.74366101601
2016-01-01 03:46:00,160111.17929802858
2016-01-01 03:47:00,204293.670746475
2016-01-01 03:48:00,299943.72132072324
2016-01-01 03:49:00,281499.19485755067
2016-01-01 03:50:00,281499.19485755067
2016-01-01 03:51:00,231493.5734302773
2016-01-01 03:52:00,212350.0429284683
2016-01-01 03:53:00,212350.0429284683
2016-01-01 03:54:00,158710.60729145596
2016-01-01 03:55:00,95650.43157424852
2016-01-01 03:56:00,95650.43157424852
2016-01-01 03:57:00,109619.90972803696
2016-01-01 03:58:00,109619.90972803696
2016-01-01 03:59:00,109619.90972803696
2016-01-01 04:00:00,109619.90972803696
2016-01-01 04:01:00,109619.90972803696
2016-01-01 04:02:00,152858.09534366068
2016-01-01 04:03:00,204656.2161933141
2016-01-01 04:04:00,204656.2161933141
2016-01-01 04:05:00,204656.2161933141
2016-01-01 04:06:00,95036.68746527712
2016-01-01 04:07:00,95036.68746527712
2016-01-01 04:08:00,201530.60727817868
2016-01-01 04:09:00,201530.60727817868
2016-01-01 04:10:00,314222.5583033806
2016-01-01 04:11:00,376522.38443723315
2016-01-01 04:12:00,425008.2781843161
2016-01-01 04:13:00,427229.38584548474
2016-01-01 04:14:00,427229.38584548474
2016-01-01 04:15:00,427229.38584548474
2016-01-01 04:16:00,347752.2526306416
2016-01-01 04:17:00,392589.39352674916
2016-01-01 04:18:00,329451.95436317543
2016-01-01 04:19:00,329451.95436317543
2016-01-01 04:20:00,329451.95436317543
2016-01-01 04:21:00,121408.82035579368
2016-01-01 04:22:00,191232.96917439884
2016-01-01 04:23:00,241007.61789695453
2016-01-01 04:24:00,213990.8312988963
2016-01-01 04:25:00,213990.8312988963
2016-01-01 04:26:00,296305.82750829926
2016-01-01 04:27:00,251468.68661219208
2016-01-01 04:28:00,426378.6047704065
2016-01-01 04:29:00,480490.464508413
2016-01-01 04:30:00,461313.97408008145
2016-01-01 04:31:00,454503.5400896794
2016-01-01 04:32:00,404728.89136712404
2016-01-01 04:33:00,595995.2308020856
2016-01-01 04:34:00,612029.5165531979
2016-01-01 04:35:00,564021.506874772
2016-01-01 04:36:00,457223.8970449389
2016-01-01 04:37:00,477380.1112205704
2016-01-01 04:38:00,477380.1112205704
2016-01-01 04:39:00,366301.9227898338
2016-01-01 04:40:00,413804.0091229808
2016-01-01 04:41:00,185523.7005027239
2016-01-01 04:42:00,203372.76141730242
2016-01-01 04:43:00,203372.76141730242
2016-01-01 04:44:00,203372.76141730242
2016-01-01 04:45:00,206708.39977741404
2016-01-01 04:46:00,197973.62550223572
2016-01-01 04:47:00,150471.5391690885
2016-01-01 04:48:00,150471.53816908848
2016-01-01 04:49:00,276269.4806202777
2016-01-01 04:50:00,249563.2877557777
2016-01-01 04:51:00,249563.2827557777
2016-01-01 04:52:00,231714.21984119917
2016-01-01 04:53:00,231714.21584119918
2016-01-01 04:54:00,231714.2138411992
2016-01-01 04:55:00,272486.4166621069
2016-01-01 04:56:00,272486.4156621069
2016-01-01 04:57:00,107214.23944973804
2016-01-01 04:58:00,107214.23444973804
2016-01-01 04:59:00,223468.66193030062
2016-01-01 05:00:00,229130.95845938532
2016-01-01 05:01:00,339188.7200042303
2016-01-01 05:02:00,293059.30592765706
2016-01-01 05:03:00,361363.88995167194
2016-01-01 05:04:00,375974.0655186044
2016-01-01 05:05:00,397311.9197464072
2016-01-01 05:06:00,397311.9197464072
2016-01-01 05:07:00,338222.26439805597
2016-01-01 05:08:00,259109.92307618877
2016-01-01 05:09:00,259109.92007618875
2016-01-01 05:10:00,149052.1525313438
2016-01-01 05:11:00,86566.96953584769
2016-01-01 05:12:00,153488.31449104194
2016-01-01 05:13:00,132150.45526323922
2016-01-01 05:14:00,132150.45026323924
2016-01-01 05:15:00,136360.26709568457
2016-01-01 05:16:00,136360.26609568455
2016-01-01 05:17:00,183304.98403949334
2016-01-01 05:18:00,183304.97703949336
2016-01-01 05:19:00,125000.05508222818
2016-01-01 05:20:00,183879.56578139993
2016-01-01 05:21:00,183879.56578139993
2016-01-01 05:22:00,183879.56378139995
2016-01-01 05:23:00,183879.56278139996
2016-01-01 05:24:00,207260.00859645897
2016-01-01 05:25:00,171218.13999951602
2016-01-01 05:26:00,149280.73845047643
2016-01-01 05:27:00,90401.22275130465
2016-01-01 05:28:00,90401.21675130464
2016-01-01 05:29:00,170179.58817890336
2016-01-01 05:30:00,146799.1373638443
2016-01-01 05:31:00,47773.76331313286
2016-01-01 05:32:00,22036.1513139543
2016-01-01 05:33:00,0.25000000000000017
2016-01-01 05:34:00,0.2480000000000002
2016-01-01 05:35:00,48183.08181093158
2016-01-01 05:36:00,92282.08706167861
2016-01-01 05:37:00,92282.0850616786
2016-01-01 05:38:00,92282.08206167861
2016-01-01 05:39:00,92282.07406167864
2016-01-01 05:40:00,217709.7414129175
2016-01-01 05:41:00,263029.84917693003
2016-01-01 05:42:00,308361.84762400656
2016-01-01 05:43:00,308361.8456240065
2016-01-01 05:44:00,358519.8092370409
2016-01-01 05:45:00,266237.9641753623
2016-01-01 05:46:00,266237.96517536236
2016-01-01 05:47:00,216080.00156232785
2016-01-01 05:48:00,216080.00356232788
2016-01-01 05:49:00,45332.22544707646
2016-01-01 05:50:00,45332.224447076456
2016-01-01 05:51:00,0.22400000000000017
2016-01-01 05:52:00,103275.55617435196
2016-01-01 05:53:00,103275.55717435197
2016-01-01 05:54:00,103275.55317435195
2016-01-01 05:55:00,103275.55117435196
2016-01-01 05:56:00,103275.54917435197
2016-01-01 05:57:00,103275.55217435196
2016-01-01 05:58:00,156637.8565161676
2016-01-01 05:59:00,156637.85851616765
2016-01-01 06:00:00,156637.86051616762
2016-01-01 06:01:00,156637.86051616765
2016-01-01 06:02:00,156637.86451616764
2016-01-01 06:03:00,156637.8645161676
2016-01-01 06:04:00,156637.86451616764
2016-01-01 06:05:00,220709.7548654165
2016-01-01 06:06:00,167347.45452360087
2016-01-01 06:07:00,167347.45152360084
2016-01-01 06:08:00,233864.62726791337
2016-01-01 06:09:00,233864.6292679134
2016-01-01 06:10:00,354997.89736380894
2016-01-01 06:11:00,354997.90036380885
2016-01-01 06:12:00,338074.47594702506
2016-01-01 06:13:00,380933.22256738495
2016-01-01 06:14:00,338039.5788964885
2016-01-01 06:15:00,357937.83532765106
2016-01-01 06:16:00,384420.3311278786
2016-01-01 06:17:00,358042.2411875657
2016-01-01 06:18:00,358042.24018756574
2016-01-01 06:19:00,342901.78212657484
2016-01-01 06:20:00,442955.29784871615
2016-01-01 06:21:00,572707.6004668187
2016-01-01 06:22:00,572707.5994668186
2016-01-01 06:23:00,462802.13448283117
2016-01-01 06:24:00,417292.86590439564
2016-01-01 06:25:00,431667.3694038811
2016-01-01 06:26:00,456182.9305562314
2016-01-01 06:27:00,456182.9335562314
2016-01-01 06:28:00,456182.93155623134
2016-01-01 06:29:00,411221.78717979765
2016-01-01 06:30:00,411221.78517979756
2016-01-01 06:31:00,374963.8721395037
2016-01-01 06:32:00,336379.91461852856
2016-01-01 06:33:00,458084.13366709073
2016-01-01 06:34:00,433986.24439632247
2016-01-01 06:35:00,384955.47840093955
2016-01-01 06:36:00,384955.4814009395
2016-01-01 06:37:00,352154.9146834155
2016-01-01 06:38:00,352154.91968341556
2016-01-01 06:39:00,352154.92068341555
2016-01-01 06:40:00,295465.77103617135
2016-01-01 06:41:00,356603.3366393048
2016-01-01 06:42:00,356603.33663930476
2016-01-01 06:43:00,356603.33863930474
2016-01-01 06:44:00,318541.638785449
2016-01-01 06:45:00,369762.248370099
2016-01-01 06:46:00,416481.5821847521
2016-01-01 06:47:00,432939.36575993913
2016-01-01 06:48:00,411827.050734147
2016-01-01 06:49:00,475873.96420842054
2016-01-01 06:50:00,475873.9662084206
2016-01-01 06:51:00,492561.3345910292
2016-01-01 06:52:00,492561.33459102927
2016-01-01 06:53:00,492561.3375910292
2016-01-01 06:54:00,513938.7702680282
2016-01-01 06:55:00,539481.8242791977
2016-01-01 06:56:00,689675.7391639259
2016-01-01 06:57:00,673217.9565887388
2016-01-01 06:58:00,673217.9575887388
2016-01-01 06:59:00,673217.9595887387
2016-01-01 07:00:00,673217.9605887388
2016-01-01 07:01:00,673217.9605887387
2016-01-01 07:02:00,567155.1621540292
2016-01-01 07:03:00,634845.996267031
2016-01-01 07:04:00,634845.995267031
2016-01-01 07:05:00,634845.998267031
2016-01-01 07:06:00,618463.2462843636
2016-01-01 07:07:00,553138.3410930154
2016-01-01 07:08:00,592143.3231337292
2016-01-01 07:09:00,607542.9250377207
2016-01-01 07:10:00,654818.1759165075
2016-01-01 07:11:00,654818.1749165076
2016-01-01 07:12:00,742830.8156381464
2016-01-01 07:13:00,636808.2299180395
2016-01-01 07:14:00,636808.2319180395
2016-01-01 07:15:00,585389.7095948913
2016-01-01 07:16:00,585389.7145948913
2016-01-01 07:17:00,629892.5969612878
2016-01-01 07:18:00,575620.0077291549
2016-01-01 07:19:00,637861.743603518
2016-01-01 07:20:00,695293.4221139838
2016-01-01 07:21:00,695293.4251139837
2016-01-01 07:22:00,648574.0972993306
2016-01-01 07:23:00,631886.7349167218
2016-01-01 07:24:00,727088.5751761711
2016-01-01 07:25:00,762505.7954782095
2016-01-01 07:26:00,699993.1560862663
2016-01-01 07:27:00,699993.1580862664
2016-01-01 07:28:00,747133.4996489506
2016-01-01 07:29:00,721590.4456377812
2016-01-01 07:30:00,724523.2384303716
2016-01-01 07:31:00,764040.3818077155
2016-01-01 07:32:00,622596.5663416551
2016-01-01 07:33:00,606815.900378061
2016-01-01 07:34:00,606815.9023780609
2016-01-01 07:35:00,478825.8018604585
2016-01-01 07:36:00,607585.7246372194
2016-01-01 07:37:00,670805.1730177068
2016-01-01 07:38:00,635683.4028513896
2016-01-01 07:39:00,635683.4078513896
2016-01-01 07:40:00,973452.7129081411
2016-01-01 07:41:00,973452.7129081411
2016-01-01 07:42:00,806435.1504808697
2016-01-01 07:43:00,806435.1544808696
2016-01-01 07:44:00,788527.6569103065
2016-01-01 07:45:00,807450.5851533203
2016-01-01 07:46:00,784226.2780762005
2016-01-01 07:47:00,664282.5947660452
2016-01-01 07:48:00,664282.5957660452
2016-01-01 07:49:00,861564.1521987647
2016-01-01 07:50:00,880246.4415773712
2016-01-01 07:51:00,1187183.1764622994
2016-01-01 07:52:00,1153967.1875042275
2016-01-01 07:53:00,1198390.742667605
2016-01-01 07:54:00,1065615.427826635
2016-01-01 07:55:00,1008183.7513161692
2016-01-01 07:56:00,1029228.1145772284
2016-01-01 07:57:00,979512.4284777228
2016-01-01 07:58:00,1021246.3093202682
2016-01-01 07:59:00,1099840.817035576
2016-01-01 08:00:00,1129346.1487107603
2016-01-01 08:01:00,1039526.2062953245
2016-01-01 08:02:00,1131515.9685960552
2016-01-01 08:03:00,1014912.8285058948
2016-01-01 08:04:00,954092.4244030506
2016-01-01 08:05:00,1062087.184055566
2016-01-01 08:06:00,982789.9251255759
2016-01-01 08:07:00,982789.9281255759
2016-01-01 08:08:00,961976.3724084151
2016-01-01 08:09:00,926138.1722538279
2016-01-01 08:10:00,907859.1175045134
2016-01-01 08:11:00,1037875.6431920087
2016-01-01 08:12:00,1168910.357504182
2016-01-01 08:13:00,1173800.4121218636
2016-01-01 08:14:00,1067241.4531873516
2016-01-01 08:15:00,1151521.7770813631
2016-01-01 08:16:00,1151521.7770813631
2016-01-01 08:17:00,1250150.6294468397
2016-01-01 08:18:00,1351532.0314879215
2016-01-01 08:19:00,1299482.5639376177
2016-01-01 08:20:00,1324246.6884534105
2016-01-01 08:21:00,1442062.2210941543
2016-01-01 08:22:00,1515158.6408916835
2016-01-01 08:23:00,1391704.234516437
2016-01-01 08:24:00,1412212.7921465442
2016-01-01 08:25:00,1334392.3758248407
2016-01-01 08:26:00,1172552.8563339028
2016-01-01 08:27:00,1019132.7814351585
2016-01-01 08:28:00,1162212.2812036884
2016-01-01 08:29:00,1210773.9081280855
2016-01-01 08:30:00,1260945.6695436651
2016-01-01 08:31:00,1222092.5394646588
2016-01-01 08:32:00,1278466.8546477077
2016-01-01 08:33:00,1155926.9903103116
2016-01-01 08:34:00,1202606.2641705081
2016-01-01 08:35:00,1436672.1548994533
2016-01-01 08:36:00,1384922.0059551338
2016-01-01 08:37:00,1429426.467907971
2016-01-01 08:38:00,1385002.9187445932
2016-01-01 08:39:00,1404547.3187616165
2016-01-01 08:40:00,1280836.1778533894
2016-01-01 08:41:00,1362776.8362718208
2016-01-01 08:42:00,1231288.8417678017
2016-01-01 08:43:00,1227670.4342101638
2016-01-01 08:44:00,1381213.7840454977
2016-01-01 08:45:00,1391102.9759436727
2016-01-01 08:46:00,1343786.2438906685
2016-01-01 08:47:00,1339107.3308012064
2016-01-01 08:48:00,1365007.4054924166
2016-01-01 08:49:00,1447349.0948068094
2016-01-01 08:50:00,1484697.3309440678
2016-01-01 08:51:00,1406660.983100472
2016-01-01 08:52:00,1521000.5172723036
2016-01-01 08:53:00,1427678.936869335
2016-01-01 08:54:00,1478784.9057635542
2016-01-01 08:55:00,1538766.7749625724
2016-01-01 08:56:00,1574609.7156098513
2016-01-01 08:57:00,1625416.8680446153
2016-01-01 08:58:00,1587743.3965877588
2016-01-01 08:59:00,1473077.9292299896
2016-01-01 09:00:00,1470560.8372055527
2016-01-01 09:01:00,1543129.7196829373
2016-01-01 09:02:00,1521635.3218984515
2016-01-01 09:03:00,1539472.1452819465
2016-01-01 09:04:00,1845331.7780497822
2016-01-01 09:05:00,1761607.1341297664
2016-01-01 09:06:00,1755810.849422495
2016-01-01 09:07:00,1685619.609667752
2016-01-01 09:08:00,1762020.3665197273
2016-01-01 09:09:00,1741511.8088896198
2016-01-01 09:10:00,1793166.760921776
2016-01-01 09:11:00,2147074.466490957
2016-01-01 09:12:00,2123593.888400994
2016-01-01 09:13:00,1981313.5502257925
2016-01-01 09:14:00,2067702.9656343781
2016-01-01 09:15:00,1991800.8574464465
2016-01-01 09:16:00,1940993.7050116824
2016-01-01 09:17:00,1826645.0293363791
2016-01-01 09:18:00,1807831.1340854608
2016-01-01 09:19:00,1797930.212074967
2016-01-01 09:20:00,1725580.7013873125
2016-01-01 09:21:00,1659962.6966798622
2016-01-01 09:22:00,1619282.6733118435
2016-01-01 09:23:00,1619282.6733118435
2016-01-01 09:24:00,1624700.7293943595
2016-01-01 09:25:00,1597691.12559901
2016-01-01 09:26:00,1568989.770143962
2016-01-01 09:27:00,1561175.1485667946
2016-01-01 09:28:00,1638914.0056676527
2016-01-01 09:29:00,1528734.9585886279
2016-01-01 09:30:00,1613272.713505459
2016-01-01 09:31:00,1611174.0768721395
2016-01-01 09:32:00,1577609.172422902
2016-01-01 09:33:00,1565011.1153311129
2016-01-01 09:34:00,1663312.8606361211
2016-01-01 09:35:00,1838749.5163531736
2016-01-01 09:36:00,1838749.5163531736
2016-01-01 09:37:00,1626508.0846326111
2016-01-01 09:38:00,1645004.2421153977
2016-01-01 09:39:00,1719168.9724984649
2016-01-01 09:40:00,1769890.9929597147
2016-01-01 09:41:00,1656700.395610773
2016-01-01 09:42:00,1594820.9394068436
2016-01-01 09:43:00,1573375.4419448837
2016-01-01 09:44:00,1520318.3337948965
2016-01-01 09:45:00,1467133.6673711194
2016-01-01 09:46:00,1467133.6673711194
2016-01-01 09:47:00,1487096.0608887756
2016-01-01 09:48:00,1670278.8327060952
2016-01-01 09:49:00,1690330.5963925587
2016-01-01 09:50:00,1616952.2236820576
2016-01-01 09:51:00,1616952.2236820576
2016-01-01 09:52:00,1495914.39009515
2016-01-01 09:53:00,1346611.3715665194
2016-01-01 09:54:00,1321691.6641467276
2016-01-01 09:55:00,1330919.251541791
2016-01-01 09:56:00,1412826.147579481
2016-01-01 09:57:00,1557781.2238298673
2016-01-01 09:58:00,1438572.4320806763
2016-01-01 09:59:00,1439354.7603172795
2016-01-01 10:00:00,1566565.2326520677
2016-01-01 10:01:00,1561358.7288563948
2016-01-01 10:02:00,1401169.4107480657
2016-01-01 10:03:00,1342627.7636007366
2016-01-01 10:04:00,1301976.183779032
2016-01-01 10:05:00,1440904.4121382027
2016-01-01 10:06:00,1482862.7784855736
2016-01-01 10:07:00,1355651.2337119468
2016-01-01 10:08:00,1420946.4801580822
2016-01-01 10:09:00,1327739.918905139
2016-01-01 10:10:00,1343233.8176685462
2016-01-01 10:11:00,1343233.8176685462
2016-01-01 10:12:00,1405937.3446201899
2016-01-01 10:13:00,1399950.0031133806
2016-01-01 10:14:00,1437541.1945424564
2016-01-01 10:15:00,1452591.5610137747
2016-01-01 10:16:00,1376339.8801484562
2016-01-01 10:17:00,1307062.2372429816
2016-01-01 10:18:00,1261108.8272287431
2016-01-01 10:19:00,1277201.01276013
2016-01-01 10:20:00,1277201.01276013
2016-01-01 10:21:00,1277201.01276013
2016-01-01 10:22:00,1253865.8937551223
2016-01-01 10:23:00,1303657.5405076828
2016-01-01 10:24:00,1254145.1758859586
2016-01-01 10:25:00,1254145.1758859586
2016-01-01 10:26:00,1388995.7017191788
2016-01-01 10:27:00,1487846.6455456964
2016-01-01 10:28:00,1449997.827213258
2016-01-01 10:29:00,1196530.1639590925
2016-01-01 10:30:00,1362739.269616238
2016-01-01 10:31:00,1377914.9147732381
2016-01-01 10:32:00,1512211.2056576828
2016-01-01 10:33:00,1512211.2056576828
2016-01-01 10:34:00,1362238.8207902922
2016-01-01 10:35:00,1401949.170410584
2016-01-01 10:36:00,1545803.9512568084
2016-01-01 10:37:00,1612166.17993512
2016-01-01 10:38:00,1390605.881380943
2016-01-01 10:39:00,1300202.019998431
2016-01-01 10:40:00,1341302.238597501
2016-01-01 10:41:00,1374355.2256465377
2016-01-01 10:42:00,1443124.0662735105
2016-01-01 10:43:00,1395621.8290239717
2016-01-01 10:44:00,1300429.474599163
2016-01-01 10:45:00,1300429.474599163
2016-01-01 10:46:00,1362023.3073533333
2016-01-01 10:47:00,1395477.4804431475
2016-01-01 10:48:00,1526226.121761809
2016-01-01 10:49:00,1526226.121761809
2016-01-01 10:50:00,1615298.9983669822
2016-01-01 10:51:00,1696965.402494602
2016-01-01 10:52:00,1743265.964853528
2016-01-01 10:53:00,1832859.172718813
2016-01-01 10:54:00,1784146.9733116464
2016-01-01 10:55:00,1908195.3040843678
2016-01-01 10:56:00,1846324.2798789195
2016-01-01 10:57:00,1839992.1799872324
2016-01-01 10:58:00,1567797.1836157388
2016-01-01 10:59:00,1517107.3477999733
2016-01-01 11:00:00,1414413.742743273
2016-01-01 11:01:00,1329463.3263606008
2016-01-01 11:02:00,1319948.3040525008
2016-01-01 11:03:00,1387771.0134868124
2016-01-01 11:04:00,1445311.5652997673
2016-01-01 11:05:00,1547938.4685203615
2016-01-01 11:06:00,1527344.7791930255
2016-01-01 11:07:00,1492844.21495685
2016-01-01 11:08:00,1345545.3336723885
2016-01-01 11:09:00,1247413.520371451
2016-01-01 11:10:00,1247413.520371451
2016-01-01 11:11:00,1275579.3617153813
2016-01-01 11:12:00,1313130.9070703697
2016-01-01 11:13:00,1419821.5778135397
2016-01-01 11:14:00,1454084.940261386
2016-01-01 11:15:00,1585764.7089110613
2016-01-01 11:16:00,1538706.1398222395
2016-01-01 11:17:00,1374563.0577706373
2016-01-01 11:18:00,1279923.3033020226
2016-01-01 11:19:00,1227474.8028066445
2016-01-01 11:20:00,1391724.9662922472
2016-01-01 11:21:00,1462228.194826739
2016-01-01 11:22:00,1518081.6076717232
2016-01-01 11:23:00,1462725.135710955
2016-01-01 11:24:00,1407357.78952027
2016-01-01 11:25:00,1392079.3449921017
2016-01-01 11:26:00,1527149.5803095424
2016-01-01 11:27:00,1480022.9486819827
2016-01-01 11:28:00,1536431.2865716747
2016-01-01 11:29:00,1636910.8575827717
2016-01-01 11:30:00,1637673.2167940554
2016-01-01 11:31:00,1646405.0931258923
2016-01-01 11:32:00,1584820.0786262928
2016-01-01 11:33:00,1584820.0786262928
2016-01-01 11:34:00,1484982.724049857
2016-01-01 11:35:00,1549793.9480599854
2016-01-01 11:36:00,1650436.2206097427
2016-01-01 11:37:00,1647767.8960927448
2016-01-01 11:38:00,1492495.8356001172
2016-01-01 11:39:00,1536518.1803895582
2016-01-01 11:40:00,1625762.903601679
2016-01-01 11:41:00,1645783.7728491062
2016-01-01 11:42:00,1627089.9448600989
2016-01-01 11:43:00,1604224.0873265606
2016-01-01 11:44:00,1604224.0873265606
2016-01-01 11:45:00,1604224.0873265606
2016-01-01 11:46:00,1502608.9347731262
2016-01-01 11:47:00,1483140.7301659472
2016-01-01 11:48:00,1567822.3279072014
2016-01-01 11:49:00,1621605.9236212352
2016-01-01 11:50:00,1680590.2723411864
2016-01-01 11:51:00,1935834.85780506
2016-01-01 11:52:00,1853740.3543142562
2016-01-01 11:53:00,1914711.2507581704
2016-01-01 11:54:00,1893796.0348095244
2016-01-01 11:55:00,1967103.995720281
2016-01-01 11:56:00,1928993.8144521252
2016-01-01 11:57:00,1830058.0470045735
2016-01-01 11:58:00,1908226.0846645383
2016-01-01 11:59:00,1960446.7897658183
2016-01-01 12:00:00,1872052.500663908
2016-01-01 12:01:00,1689390.9966489028
2016-01-01 12:02:00,1767245.9587509162
2016-01-01 12:03:00,1689987.6087822332
2016-01-01 12:04:00,1721239.7545159343
2016-01-01 12:05:00,1702988.141760724
2016-01-01 12:06:00,1614124.0428191063
2016-01-01 12:07:00,1567963.9955427817
2016-01-01 12:08:00,1578698.1234134978
2016-01-01 12:09:00,1693631.7751779782
2016-01-01 12:10:00,1804143.972663254
2016-01-01 12:11:00,1692390.3023677876
2016-01-01 12:12:00,1629849.8409014011
2016-01-01 12:13:00,1684605.7055384575
2016-01-01 12:14:00,1636879.6073009584
2016-01-01 12:15:00,1636879.6073009584
2016-01-01 12:16:00,1540872.4638785515
2016-01-01 12:17:00,1531971.228319225
2016-01-01 12:18:00,1594190.7513700097
2016-01-01 12:19:00,1503643.5976678513
2016-01-01 12:20:00,1429036.6720182644
2016-01-01 12:21:00,1384715.8667646095
2016-01-01 12:22:00,1434884.697424453
2016-01-01 12:23:00,1335117.0990737507
2016-01-01 12:24:00,1377736.5173412466
2016-01-01 12:25:00,1377736.5173412466
2016-01-01 12:26:00,1216876.4424294827
2016-01-01 12:27:00,1329803.60074948
2016-01-01 12:28:00,1307262.2518310556
2016-01-01 12:29:00,1245005.8764593496
2016-01-01 12:30:00,1291174.8346526287
2016-01-01 12:31:00,1403075.1228488819
2016-01-01 12:32:00,1375318.249726402
2016-01-01 12:33:00,1207972.7355166979
2016-01-01 12:34:00,1178760.505339869
2016-01-01 12:35:00,1380787.0944049654
2016-01-01 12:36:00,1380787.0944049654
2016-01-01 12:37:00,1454752.7449612329
2016-01-01 12:38:00,1496282.7975355573
2016-01-01 12:39:00,1454025.0303551084
2016-01-01 12:40:00,1485824.2095224129
2016-01-01 12:41:00,1192754.0351190194
2016-01-01 12:42:00,1173898.60703995
2016-01-01 12:43:00,1200372.2324909584
2016-01-01 12:44:00,1200372.2324909584
2016-01-01 12:45:00,1281503.1149947997
2016-01-01 12:46:00,1328976.176085968
2016-01-01 12:47:00,1329093.1396115304
2016-01-01 12:48:00,1349906.788063362
2016-01-01 12:49:00,1542157.3365799524
2016-01-01 12:50:00,1517638.8122832663
2016-01-01 12:51:00,1492929.841503995
2016-01-01 12:52:00,1426907.4135710737
2016-01-01 12:53:00,1426907.4135710737
2016-01-01 12:54:00,1426907.4135710737
2016-01-01 12:55:00,1426907.4135710737
2016-01-01 12:56:00,1539466.7835902073
2016-01-01 12:57:00,1497636.448244401
2016-01-01 12:58:00,1603948.6094946915
2016-01-01 12:59:00,1609596.9463977162
2016-01-01 13:00:00,1562380.4269170933
2016-01-01 13:01:00,1545534.2364020515
2016-01-01 13:02:00,1568668.5122989006
2016-01-01 13:03:00,1381306.3579280053
2016-01-01 13:04:00,1381306.3579280053
2016-01-01 13:05:00,1476753.0418172167
2016-01-01 13:06:00,1618387.606461229
2016-01-01 13:07:00,1627594.3498119274
2016-01-01 13:08:00,1625971.8109370242
2016-01-01 13:09:00,1719220.245977188
2016-01-01 13:10:00,1873379.6972688432
2016-01-01 13:11:00,1943002.691345162
2016-01-01 13:12:00,2003953.6780225383
2016-01-01 13:13:00,2054783.8005773341
2016-01-01 13:14:00,1948982.312240434
2016-01-01 13:15:00,1948982.312240434
2016-01-01 13:16:00,1866676.116856521
2016-01-01 13:17:00,1884516.8888256836
2016-01-01 13:18:00,2002931.8695881322
2016-01-01 13:19:00,2098895.5075353915
2016-01-01 13:20:00,2148913.363514533
2016-01-01 13:21:00,2029670.9047047005
2016-01-01 13:22:00,1885221.4914469973
2016-01-01 13:23:00,2008027.9421892192
2016-01-01 13:24:00,1862451.2098624522
2016-01-01 13:25:00,1862451.2098624522
2016-01-01 13:26:00,1741751.1175907399
2016-01-01 13:27:00,1791044.6577687426
2016-01-01 13:28:00,1769062.0231663953
2016-01-01 13:29:00,1769062.0231663953
2016-01-01 13:30:00,1895192.988916945
2016-01-01 13:31:00,1957954.0111935667
2016-01-01 13:32:00,1922155.8027787956
2016-01-01 13:33:00,1988302.297226642
2016-01-01 13:34:00,1939568.214305258
2016-01-01 13:35:00,1944810.6569669668
2016-01-01 13:36:00,2002380.384382274
2016-01-01 13:37:00,2002380.384382274
2016-01-01 13:38:00,1986183.6298806276
2016-01-01 13:39:00,2013736.272589104
2016-01-01 13:40:00,2086418.1264112436
2016-01-01 13:41:00,2005583.5357363822
2016-01-01 13:42:00,1855722.6089819153
2016-01-01 13:43:00,1841006.4285780168
2016-01-01 13:44:00,1771622.2427849313
2016-01-01 13:45:00,1642374.68525119
2016-01-01 13:46:00,1670710.3388180374
2016-01-01 13:47:00,1865634.1836327687
2016-01-01 13:48:00,1965467.9299327997
2016-01-01 13:49:00,1996956.4356158562
2016-01-01 13:50:00,2010694.8120211833
2016-01-01 13:51:00,1963309.311796442
2016-01-01 13:52:00,1998877.9973608155
2016-01-01 13:53:00,2123700.324395595
2016-01-01 13:54:00,2070217.7128107212
2016-01-01 13:55:00,1992737.282735416
2016-01-01 13:56:00,2134417.95041169
2016-01-01 13:57:00,2046095.4861515923
2016-01-01 13:58:00,1934147.013085205
2016-01-01 13:59:00,2024250.5124250422
2016-01-01 14:00:00,1902155.403397657
2016-01-01 14:01:00,1799987.249492318
2016-01-01 14:02:00,1786488.075586365
2016-01-01 14:03:00,1749336.6067046374
2016-01-01 14:04:00,1749336.6067046374
2016-01-01 14:05:00,1700535.7511647448
2016-01-01 14:06:00,1766476.6327409572
2016-01-01 14:07:00,1810351.6141165902
2016-01-01 14:08:00,1744500.160209522
2016-01-01 14:09:00,1912762.7456959656
2016-01-01 14:10:00,1815157.4546528999
2016-01-01 14:11:00,1928477.5832878223
2016-01-01 14:12:00,1985030.027007775
2016-01-01 14:13:00,2025682.6791893279
2016-01-01 14:14:00,1985876.8147943828
2016-01-01 14:15:00,1921982.3464002588
2016-01-01 14:16:00,1926040.1690781573
2016-01-01 14:17:00,1890309.9441635713
2016-01-01 14:18:00,2003234.4414307612
2016-01-01 14:19:00,2223177.4106182563
2016-01-01 14:20:00,2218941.511296549
2016-01-01 14:21:00,2422150.1175100626
2016-01-01 14:22:00,2220524.274191041
2016-01-01 14:23:00,2364562.3414477184
2016-01-01 14:24:00,2418045.4394019013
2016-01-01 14:25:00,2197592.91422169
2016-01-01 14:26:00,2194958.3132134504
2016-01-01 14:27:00,2217356.1500597605
2016-01-01 14:28:00,2190222.504507222
2016-01-01 14:29:00,2111458.8981158542
2016-01-01 14:30:00,2050730.6820604822
2016-01-01 14:31:00,2077312.3551122833
2016-01-01 14:32:00,2091173.7109008762
2016-01-01 14:33:00,2084685.5950251592
2016-01-01 14:34:00,1994345.031919602
2016-01-01 14:35:00,2069382.492410553
2016-01-01 14:36:00,2005190.0721123063
2016-01-01 14:37:00,2051696.4043704155
2016-01-01 14:38:00,2058157.1689557245
2016-01-01 14:39:00,2058157.1689557245
2016-01-01 14:40:00,2015352.202627924
2016-01-01 14:41:00,2187459.967069636
2016-01-01 14:42:00,1962650.0438755357
2016-01-01 14:43:00,1962650.0438755357
2016-01-01 14:44:00,1918710.5848118558
2016-01-01 14:45:00,1784322.6782502113
2016-01-01 14:46:00,1814635.551440033
2016-01-01 14:47:00,1877830.8974667683
2016-01-01 14:48:00,1787945.4049941741
2016-01-01 14:49:00,1674226.3445566136
2016-01-01 14:50:00,1803655.909359612
2016-01-01 14:51:00,1803655.909359612
2016-01-01 14:52:00,1842841.1574827016
2016-01-01 14:53:00,1790433.2885444222
2016-01-01 14:54:00,1748174.069169989
2016-01-01 14:55:00,2025185.4471305727
2016-01-01 14:56:00,1920688.230139774
2016-01-01 14:57:00,1928987.2693736232
2016-01-01 14:58:00,1909990.5364826645
2016-01-01 14:59:00,1797452.2841069077
2016-01-01 15:00:00,1713060.6202772262
2016-01-01 15:01:00,1598677.4834288917
2016-01-01 15:02:00,1688752.6532708732
2016-01-01 15:03:00,1786562.8308204988
2016-01-01 15:04:00,1717732.5368381727
2016-01-01 15:05:00,1656914.9308911602
2016-01-01 15:06:00,1772463.8646003653
2016-01-01 15:07:00,1861279.3025325588
2016-01-01 15:08:00,2068135.7831570827
2016-01-01 15:09:00,2045450.997343815
2016-01-01 15:10:00,1991706.318907652
2016-01-01 15:11:00,1833046.7151551475
2016-01-01 15:12:00,1812338.0029620072
2016-01-01 15:13:00,1710797.954372772
2016-01-01 15:14:00,1646659.828292931
2016-01-01 15:15:00,1433712.459051849
2016-01-01 15:16:00,1661028.0267647554
2016-01-01 15:17:00,1618196.360958454
2016-01-01 15:18:00,1739330.1632242228
2016-01-01 15:19:00,1711563.0465369157
2016-01-01 15:20:00,1554912.1017018978
2016-01-01 15:21:00,1607388.2522695877
2016-01-01 15:22:00,1564574.9673028335
2016-01-01 15:23:00,1586765.5202021908
2016-01-01 15:24:00,1466200.945778413
2016-01-01 15:25:00,1516101.3998097412
2016-01-01 15:26:00,1563426.9742519076
2016-01-01 15:27:00,1544395.1543063005
2016-01-01 15:28:00,1683346.586549055
2016-01-01 15:29:00,1722259.343760981
2016-01-01 15:30:00,1556771.3669677458
2016-01-01 15:31:00,1524001.5391306472
2016-01-01 15:32:00,1416513.3258474527
2016-01-01 15:33:00,1392896.096766856
2016-01-01 15:34:00,1381088.5024369594
2016-01-01 15:35:00,1422575.5300575932
2016-01-01 15:36:00,1458859.4247565446
2016-01-01 15:37:00,1573976.433996657
2016-01-01 15:38:00,1478257.0230072879
2016-01-01 15:39:00,1358368.1746428073
2016-01-01 15:40:00,1358368.1746428073
2016-01-01 15:41:00,1378650.016085231
2016-01-01 15:42:00,1363691.9155199619
2016-01-01 15:43:00,1118416.9247679408
2016-01-01 15:44:00,1117996.6670337054
2016-01-01 15:45:00,1151131.8187420773
2016-01-01 15:46:00,1036221.480479544
2016-01-01 15:47:00,895263.0200489248
2016-01-01 15:48:00,909976.2089236394
2016-01-01 15:49:00,1026446.5580625032
2016-01-01 15:50:00,1040976.9704081325
2016-01-01 15:51:00,1040976.9704081325
2016-01-01 15:52:00,1174767.3941633287
2016-01-01 15:53:00,1174767.3941633287
2016-01-01 15:54:00,1121198.199606669
2016-01-01 15:55:00,1217493.3451676846
2016-01-01 15:56:00,1243537.4582020163
2016-01-01 15:57:00,1276130.800355472
2016-01-01 15:58:00,1244945.455710624
2016-01-01 15:59:00,1262567.7069890567
2016-01-01 16:00:00,1432460.8361501535
2016-01-01 16:01:00,1432460.8361501535
2016-01-01 16:02:00,1477974.6946755229
2016-01-01 16:03:00,1477974.6946755229
2016-01-01 16:04:00,1517876.1005517165
2016-01-01 16:05:00,1467403.566445381
2016-01-01 16:06:00,1611988.4425829123
2016-01-01 16:07:00,1781642.0870779427
2016-01-01 16:08:00,1880198.4127726094
2016-01-01 16:09:00,1839031.474497884
2016-01-01 16:10:00,1735068.5012690525
2016-01-01 16:11:00,1634175.08344682
2016-01-01 16:12:00,1576611.231668075
2016-01-01 16:13:00,1688363.6378224269
2016-01-01 16:14:00,1759259.784656011
2016-01-01 16:15:00,1759259.784656011
2016-01-01 16:16:00,1954867.3126578222
2016-01-01 16:17:00,1963070.9939201495
2016-01-01 16:18:00,1884949.3289479578
2016-01-01 16:19:00,1894625.8905369556
2016-01-01 16:20:00,2049032.7689446197
2016-01-01 16:21:00,1812768.0847277837
2016-01-01 16:22:00,1857835.0812776254
2016-01-01 16:23:00,1841129.5000436974
2016-01-01 16:24:00,1858648.095558284
2016-01-01 16:25:00,1910885.0149759352
2016-01-01 16:26:00,1960128.3032350685
2016-01-01 16:27:00,1897022.683166376
2016-01-01 16:28:00,1836312.177807427
2016-01-01 16:29:00,1802680.1141641617
2016-01-01 16:30:00,1865992.61695832
2016-01-01 16:31:00,1820478.758432951
2016-01-01 16:32:00,1752178.4363007506
2016-01-01 16:33:00,1795396.0052576563
2016-01-01 16:34:00,1814089.6510772966
2016-01-01 16:35:00,1835926.8831369441
2016-01-01 16:36:00,1692176.7961012933
2016-01-01 16:37:00,1692176.7961012933
2016-01-01 16:38:00,1750775.046056008
2016-01-01 16:39:00,1712362.8908760448
2016-01-01 16:40:00,1461902.382306753
2016-01-01 16:41:00,1514327.5973268512
2016-01-01 16:42:00,1508707.1443796705
2016-01-01 16:43:00,1525462.8667185241
2016-01-01 16:44:00,1462537.2380935363
2016-01-01 16:45:00,1444714.014083922
2016-01-01 16:46:00,1497511.180911663
2016-01-01 16:47:00,1607640.359888354
2016-01-01 16:48:00,1522528.757194635
2016-01-01 16:49:00,1448143.775570006
2016-01-01 16:50:00,1447144.697978074
2016-01-01 16:51:00,1405331.7465636213
2016-01-01 16:52:00,1276746.527209979
2016-01-01 16:53:00,1277966.1878872004
2016-01-01 16:54:00,1234748.618930295
2016-01-01 16:55:00,1233116.3599858964
2016-01-01 16:56:00,1282066.9600593615
2016-01-01 16:57:00,1297388.3096058613
2016-01-01 16:58:00,1291248.3370947677
2016-01-01 16:59:00,1124301.2365505856
2016-01-01 17:00:00,1224316.2634226005
2016-01-01 17:01:00,1195665.4397405358
2016-01-01 17:02:00,1270614.5196115077
2016-01-01 17:03:00,1324036.0488990804
2016-01-01 17:04:00,1292364.0389287632
2016-01-01 17:05:00,1267530.9542175613
2016-01-01 17:06:00,1339020.304549252
2016-01-01 17:07:00,1240220.062015474
2016-01-01 17:08:00,1335042.9185323801
2016-01-01 17:09:00,1218649.7392690638
2016-01-01 17:10:00,1264036.5975747576
2016-01-01 17:11:00,1531300.5317360447
2016-01-01 17:12:00,1569659.3849632551
2016-01-01 17:13:00,1565559.7459678391
2016-01-01 17:14:00,1548804.023628985
2016-01-01 17:15:00,1453162.3878131777
2016-01-01 17:16:00,1495305.3376124
2016-01-01 17:17:00,1537453.9484332192
2016-01-01 17:18:00,1628802.729674298
2016-01-01 17:19:00,1612522.234259996
2016-01-01 17:20:00,1491901.7018877764
2016-01-01 17:21:00,1441276.136537405
2016-01-01 17:22:00,1520019.1060092256
2016-01-01 17:23:00,1635321.963924248
2016-01-01 17:24:00,1569130.4591406106
2016-01-01 17:25:00,1605852.45544174
2016-01-01 17:26:00,1626839.8750199375
2016-01-01 17:27:00,1670198.7885879152
2016-01-01 17:28:00,1770057.8581956238
2016-01-01 17:29:00,1671106.08599963
2016-01-01 17:30:00,1925335.8982587256
2016-01-01 17:31:00,1968419.1716674897
2016-01-01 17:32:00,1980249.6417419778
2016-01-01 17:33:00,1966548.541109918
2016-01-01 17:34:00,2124120.796256659
2016-01-01 17:35:00,2213230.015961251
2016-01-01 17:36:00,2120098.2974974522
2016-01-01 17:37:00,2065095.778546489
2016-01-01 17:38:00,2095272.4597293844
2016-01-01 17:39:00,2233073.7811460732
2016-01-01 17:40:00,2221933.237409172
2016-01-01 17:41:00,2342076.3975779573
2016-01-01 17:42:00,2355051.231268706
2016-01-01 17:43:00,2401628.9533844334
2016-01-01 17:44:00,2317549.200861969
2016-01-01 17:45:00,2276424.112630049
2016-01-01 17:46:00,2206403.5187944393
2016-01-01 17:47:00,2367743.9152674535
2016-01-01 17:48:00,2304313.2563153845
2016-01-01 17:49:00,2334592.5512501355
2016-01-01 17:50:00,2276078.274204302
2016-01-01 17:51:00,2442654.3360624784
2016-01-01 17:52:00,2501462.7306905687
2016-01-01 17:53:00,2457037.869187988
2016-01-01 17:54:00,2464174.1245253673
2016-01-01 17:55:00,2464174.1245253673
2016-01-01 17:56:00,2443110.7863929323
2016-01-01 17:57:00,2487739.8289623647
2016-01-01 17:58:00,2425264.0428649657
2016-01-01 17:59:00,2479107.4362328374
2016-01-01 18:00:00,2446573.506026863
2016-01-01 18:01:00,2436094.479223514
2016-01-01 18:02:00,2380618.668301937
2016-01-01 18:03:00,2253633.409090033
2016-01-01 18:04:00,2282732.921180087
2016-01-01 18:05:00,2191566.861495283
2016-01-01 18:06:00,2379187.399005096
2016-01-01 18:07:00,2665598.796754438
2016-01-01 18:08:00,2542678.0353259817
2016-01-01 18:09:00,2482531.226305886
2016-01-01 18:10:00,2460570.019111626
2016-01-01 18:11:00,2506715.6282553524
2016-01-01 18:12:00,2545893.031037703
2016-01-01 18:13:00,2444416.096753423
2016-01-01 18:14:00,2139070.842993454
2016-01-01 18:15:00,1999407.278642414
2016-01-01 18:16:00,1981863.9690619241
2016-01-01 18:17:00,1981863.9690619241
2016-01-01 18:18:00,1976012.9454210983
2016-01-01 18:19:00,1707616.2856109927
2016-01-01 18:20:00,1862786.8752539349
2016-01-01 18:21:00,1888420.437028655
2016-01-01 18:22:00,1617972.104896517
2016-01-01 18:23:00,1595230.2404649444
2016-01-01 18:24:00,1619863.0625614526
2016-01-01 18:25:00,1687462.579050062
2016-01-01 18:26:00,1737103.6764464125
2016-01-01 18:27:00,1885437.6937701644
2016-01-01 18:28:00,1838484.2101176984
2016-01-01 18:29:00,1635855.3012131918
2016-01-01 18:30:00,1528100.0398006293
2016-01-01 18:31:00,1565896.67444462
2016-01-01 18:32:00,1520657.86822369
2016-01-01 18:33:00,1539796.890594504
2016-01-01 18:34:00,1465413.8046037124
2016-01-01 18:35:00,1513927.3134980309
2016-01-01 18:36:00,1617632.02873901
2016-01-01 18:37:00,1548010.8051219413
2016-01-01 18:38:00,1551593.7259145665
2016-01-01 18:39:00,1532539.5961422168
2016-01-01 18:40:00,1506900.2556413678
2016-01-01 18:41:00,1468282.2334975922
2016-01-01 18:42:00,1600625.7557782335
2016-01-01 18:43:00,1600625.7537782337
2016-01-01 18:44:00,1645789.0011696024
2016-01-01 18:45:00,1649242.1795342322
2016-01-01 18:46:00,1665636.937585889
2016-01-01 18:47:00,1486212.252564981
2016-01-01 18:48:00,1336491.6023986978
2016-01-01 18:49:00,1195481.625922863
2016-01-01 18:50:00,1212960.5102814795
2016-01-01 18:51:00,1212960.5072814794
2016-01-01 18:52:00,1168524.170887294
2016-01-01 18:53:00,1168524.1678872942
2016-01-01 18:54:00,1144686.5028180461
2016-01-01 18:55:00,1104321.5887271308
2016-01-01 18:56:00,908267.5101579267
2016-01-01 18:57:00,883703.8139477107
2016-01-01 18:58:00,933424.8090825201
2016-01-01 18:59:00,890885.8259504867
2016-01-01 19:00:00,890885.8229504867
2016-01-01 19:01:00,932377.5694890867
2016-01-01 19:02:00,935463.3185552028
2016-01-01 19:03:00,980212.156166944
2016-01-01 19:04:00,828559.516222895
2016-01-01 19:05:00,778838.5140880859
2016-01-01 19:06:00,830082.1384558926
2016-01-01 19:07:00,767534.6084433768
2016-01-01 19:08:00,875755.2798109239
2016-01-01 19:09:00,855107.2990795034
2016-01-01 19:10:00,734444.6202295318
2016-01-01 19:11:00,490266.78002589673
2016-01-01 19:12:00,490266.7740258967
2016-01-01 19:13:00,442529.3922300553
2016-01-01 19:14:00,423004.607637585
2016-01-01 19:15:00,487154.7047097711
2016-01-01 19:16:00,637485.874560009
2016-01-01 19:17:00,579522.4073008435
2016-01-01 19:18:00,579522.4023008435
2016-01-01 19:19:00,561150.3363857016
2016-01-01 19:20:00,604861.2775483588
2016-01-01 19:21:00,553079.5606426045
2016-01-01 19:22:00,531048.7357148222
2016-01-01 19:23:00,476567.3431756765
2016-01-01 19:24:00,476567.3381756765
2016-01-01 19:25:00,563265.5127102152
2016-01-01 19:26:00,665357.6381273844
2016-01-01 19:27:00,683880.8211481239
2016-01-01 19:28:00,636592.951620149
2016-01-01 19:29:00,677562.7889034259
2016-01-01 19:30:00,691127.3342945259
2016-01-01 19:31:00,691127.328294526
2016-01-01 19:32:00,671666.3956837081
2016-01-01 19:33:00,791276.6086238717
2016-01-01 19:34:00,791276.6076238718
2016-01-01 19:35:00,791276.6026238716
2016-01-01 19:36:00,791157.5936376046
2016-01-01 19:37:00,715625.4826890557
2016-01-01 19:38:00,715625.4766890558
2016-01-01 19:39:00,740501.4303961056
2016-01-01 19:40:00,716897.6303047261
2016-01-01 19:41:00,648902.7188999428
2016-01-01 19:42:00,648902.7158999428
2016-01-01 19:43:00,589580.0176445099
2016-01-01 19:44:00,611748.1474352616
2016-01-01 19:45:00,611748.1434352616
2016-01-01 19:46:00,611748.1404352614
2016-01-01 19:47:00,568327.4085370741
2016-01-01 19:48:00,615871.5904411387
2016-01-01 19:49:00,602725.4281515736
2016-01-01 19:50:00,644742.5361335642
2016-01-01 19:51:00,625420.7413054992
2016-01-01 19:52:00,625420.7433054993
2016-01-01 19:53:00,625420.7443054994
2016-01-01 19:54:00,523184.88961115154
2016-01-01 19:55:00,523184.8926111515
2016-01-01 19:56:00,479106.7806195368
2016-01-01 19:57:00,531757.2376699555
2016-01-01 19:58:00,484752.53925954096
2016-01-01 19:59:00,484752.538259541
2016-01-01 20:00:00,484752.54525954096
2016-01-01 20:01:00,530796.0741935566
2016-01-01 20:02:00,378709.8776542495
2016-01-01 20:03:00,378709.8816542495
2016-01-01 20:04:00,378709.8786542495
2016-01-01 20:05:00,398298.29231257824
2016-01-01 20:06:00,398298.29231257824
2016-01-01 20:07:00,398298.29131257825
2016-01-01 20:08:00,398298.2883125782
2016-01-01 20:09:00,357328.4510293013
2016-01-01 20:10:00,311284.92309528525
2016-01-01 20:11:00,311284.93009528524
2016-01-01 20:12:00,268049.0065550667
2016-01-01 20:13:00,268049.0045550667
2016-01-01 20:14:00,208767.11677261375
2016-01-01 20:15:00,208767.11777261374
2016-01-01 20:16:00,279207.76676500484
2016-01-01 20:17:00,260506.04743537263
2016-01-01 20:18:00,260506.04843537265
2016-01-01 20:19:00,190840.5333460423
2016-01-01 20:20:00,212796.20512986308
2016-01-01 20:21:00,212796.20612986307
2016-01-01 20:22:00,269124.5729472352
2016-01-01 20:23:00,291023.47623500135
2016-01-01 20:24:00,224410.0027528277
2016-01-01 20:25:00,255160.33627190127
2016-01-01 20:26:00,352929.6987566986
2016-01-01 20:27:00,352929.6977566986
2016-01-01 20:28:00,272481.4369571345
2016-01-01 20:29:00,175252.68745370727
2016-01-01 20:30:00,138166.01745335458
2016-01-01 20:31:00,96968.66285251464
2016-01-01 20:32:00,92904.19139626899
2016-01-01 20:33:00,92904.19439626898
2016-01-01 20:34:00,45608.38935497602
2016-01-01 20:35:00,45608.38935497602
2016-01-01 20:36:00,17834.67183152044
2016-01-01 20:37:00,203845.5758707768
2016-01-01 20:38:00,203845.5758707768
2016-01-01 20:39:00,122178.44501995796
2016-01-01 20:40:00,112965.86129043196
2016-01-01 20:41:00,112965.86329043195
2016-01-01 20:42:00,257831.77309836337
2016-01-01 20:43:00,257831.7700983634
2016-01-01 20:44:00,277296.4280701743
2016-01-01 20:45:00,220231.15843648053
2016-01-01 20:46:00,220231.16543648054
2016-01-01 20:47:00,220231.17243648053
2016-01-01 20:48:00,220231.17743648053
2016-01-01 20:49:00,182165.27061126276
2016-01-01 20:50:00,200881.02934914082
2016-01-01 20:51:00,146742.0785703195
2016-01-01 20:52:00,146742.0815703195
2016-01-01 20:53:00,205509.0803926512
2016-01-01 20:54:00,146336.6559071211
2016-01-01 20:55:00,234353.12973244366
2016-01-01 20:56:00,282780.0332341086
2016-01-01 20:57:00,282780.0392341086
2016-01-01 20:58:00,264064.29549623054
2016-01-01 20:59:00,288140.0115220794
2016-01-01 21:00:00,284070.1824825892
2016-01-01 21:01:00,290133.9468528733
2016-01-01 21:02:00,316272.8231495291
2016-01-01 21:03:00,373742.04246054724
2016-01-01 21:04:00,373742.04546054726
2016-01-01 21:05:00,306064.85763903864
2016-01-01 21:06:00,282308.99840789253
2016-01-01 21:07:00,359236.46989422245
2016-01-01 21:08:00,359236.4728942224
2016-01-01 21:09:00,359236.4758942224
2016-01-01 21:10:00,433032.1882859814
2016-01-01 21:11:00,398723.69520073885
2016-01-01 21:12:00,371208.82210637105
2016-01-01 21:13:00,421191.360701944
2016-01-01 21:14:00,421191.360701944
2016-01-01 21:15:00,374021.9934512635
2016-01-01 21:16:00,527505.1087757264
2016-01-01 21:17:00,625612.3012214408
2016-01-01 21:18:00,719278.932138135
2016-01-01 21:19:00,719278.932138135
2016-01-01 21:20:00,682009.9520924311
2016-01-01 21:21:00,682009.9520924311
2016-01-01 21:22:00,663597.5432885763
2016-01-01 21:23:00,565979.8591769603
2016-01-01 21:24:00,436508.5972058378
2016-01-01 21:25:00,474789.4222826276
2016-01-01 21:26:00,610475.6286979469
2016-01-01 21:27:00,547757.9999674691
2016-01-01 21:28:00,585014.5367573695
2016-01-01 21:29:00,585315.4941246938
2016-01-01 21:30:00,710840.341427277
2016-01-01 21:31:00,802394.289853961
2016-01-01 21:32:00,820970.4577782475
2016-01-01 21:33:00,729056.1403087224
2016-01-01 21:34:00,668584.7400600687
2016-01-01 21:35:00,722297.9244135239
2016-01-01 21:36:00,739853.0971247372
2016-01-01 21:37:00,640920.320187475
2016-01-01 21:38:00,640588.0696619751
2016-01-01 21:39:00,602983.9910362294
2016-01-01 21:40:00,527263.4140290336
2016-01-01 21:41:00,542572.813267625
2016-01-01 21:42:00,549547.1696401637
2016-01-01 21:43:00,493285.7072519046
2016-01-01 21:44:00,419050.29902368766
2016-01-01 21:45:00,477388.7825494487
2016-01-01 21:46:00,497475.24617676
2016-01-01 21:47:00,446063.3767453832
2016-01-01 21:48:00,446063.3767453832
2016-01-01 21:49:00,446063.3767453832
2016-01-01 21:50:00,333388.31910583243
2016-01-01 21:51:00,514234.6344706586
2016-01-01 21:52:00,376407.22758083674
2016-01-01 21:53:00,322629.15157816163
2016-01-01 21:54:00,378567.56781911716
2016-01-01 21:55:00,358481.1041918059
2016-01-01 21:56:00,358481.1041918059
2016-01-01 21:57:00,471956.78279038327
2016-01-01 21:58:00,491986.47200773144
2016-01-01 21:59:00,340916.9241067013
2016-01-01 22:00:00,333667.9555773311
2016-01-01 22:01:00,349493.00817929936
2016-01-01 22:02:00,277617.41726228653
2016-01-01 22:03:00,164141.73866370902
2016-01-01 22:04:00,252418.96728594857
2016-01-01 22:05:00,295072.4436308073
2016-01-01 22:06:00,275042.75441345904
2016-01-01 22:07:00,429130.04638704925
2016-01-01 22:08:00,455019.28037916997
2016-01-01 22:09:00,482942.1105440369
2016-01-01 22:10:00,344646.18331107317
2016-01-01 22:11:00,323502.2270916737
2016-01-01 22:12:00,376100.24383494473
2016-01-01 22:13:00,402838.1598045166
2016-01-01 22:14:00,451359.31711848493
2016-01-01 22:15:00,389475.3511895529
2016-01-01 22:16:00,361552.521024686
2016-01-01 22:17:00,319878.64354142617
2016-01-01 22:18:00,299965.2979718712
2016-01-01 22:19:00,299965.2979718712
2016-01-01 22:20:00,247367.28122859896
2016-01-01 22:21:00,218215.29960591753
2016-01-01 22:22:00,196698.15009595526
2016-01-01 22:23:00,173165.95095868243
2016-01-01 22:24:00,128243.72236342976
2016-01-01 22:25:00,130768.79287114796
2016-01-01 22:26:00,148574.60241794062
2016-01-01 22:27:00,148925.51376738877
2016-01-01 22:28:00,148925.51376738877
2016-01-01 22:29:00,121921.5059633824
2016-01-01 22:30:00,242345.5672475447
2016-01-01 22:31:00,246796.50502304692
2016-01-01 22:32:00,246796.50502304692
2016-01-01 22:33:00,439797.6680225483
2016-01-01 22:34:00,530271.7271437029
2016-01-01 22:35:00,606159.2632530695
2016-01-01 22:36:00,568709.6688670606
2016-01-01 22:37:00,568709.6688670606
2016-01-01 22:38:00,711486.1350718939
2016-01-01 22:39:00,762262.211317345
2016-01-01 22:40:00,618245.1254602518
2016-01-01 22:41:00,544522.2816361025
2016-01-01 22:42:00,544522.2816361025
2016-01-01 22:43:00,431191.4416312133
2016-01-01 22:44:00,493587.91093352187
2016-01-01 22:45:00,493587.91093352187
2016-01-01 22:46:00,503030.561958077
2016-01-01 22:47:00,431584.5018915435
2016-01-01 22:48:00,383547.5887917961
2016-01-01 22:49:00,304467.70996863727
2016-01-01 22:50:00,406092.197873518
2016-01-01 22:51:00,406092.197873518
2016-01-01 22:52:00,356458.8445315249
2016-01-01 22:53:00,343111.04347014026
2016-01-01 22:54:00,305635.10925332975
2016-01-01 22:55:00,325387.29930391366
2016-01-01 22:56:00,325246.206977095
2016-01-01 22:57:00,349237.0725160505
2016-01-01 22:58:00,441790.4483875428
2016-01-01 22:59:00,559632.2570784232
2016-01-01 23:00:00,510779.06675214565
2016-01-01 23:01:00,438642.7061557524
2016-01-01 23:02:00,536886.788940166
2016-01-01 23:03:00,515116.3075908631
2016-01-01 23:04:00,614979.3022938385
2016-01-01 23:05:00,602037.1213855912
2016-01-01 23:06:00,474738.767874691
2016-01-01 23:07:00,474644.0525694501
2016-01-01 23:08:00,534859.5767654428
2016-01-01 23:09:00,607278.1201779727
2016-01-01 23:10:00,589637.6083857811
2016-01-01 23:11:00,721022.9135172655
2016-01-01 23:12:00,726792.8645363154
2016-01-01 23:13:00,626704.0454779079
2016-01-01 23:14:00,474342.29749154125
2016-01-01 23:15:00,473487.24774881575
2016-01-01 23:16:00,453509.07702619454
2016-01-01 23:17:00,401325.5411586291
2016-01-01 23:18:00,455266.41641867027
2016-01-01 23:19:00,513255.78832043597
2016-01-01 23:20:00,286787.14080483594
2016-01-01 23:21:00,286787.13580483594
2016-01-01 23:22:00,177229.7865635526
2016-01-01 23:23:00,180252.5814909345
2016-01-01 23:24:00,272202.1788804618
2016-01-01 23:25:00,224894.0267411313
2016-01-01 23:26:00,242718.86342245055
2016-01-01 23:27:00,335652.59126545425
2016-01-01 23:28:00,239930.9843906518
2016-01-01 23:29:00,239930.9793906518
2016-01-01 23:30:00,239930.9763906518
2016-01-01 23:31:00,218917.14020085454
2016-01-01 23:32:00,289036.4537401688
2016-01-01 23:33:00,216691.03545204113
2016-01-01 23:34:00,216691.03245204114
2016-01-01 23:35:00,262098.8203780826
2016-01-01 23:36:00,262098.81737808257
2016-01-01 23:37:00,152956.4292480746
2016-01-01 23:38:00,89060.26547523368
2016-01-01 23:39:00,109010.9241100553
2016-01-01 23:40:00,109010.92311005532
2016-01-01 23:41:00,65358.72556086345
2016-01-01 23:42:00,65358.72056086347
2016-01-01 23:43:00,65358.71356086347
2016-01-01 23:44:00,65358.70756086347
2016-01-01 23:45:00,65358.70156086347
2016-01-01 23:46:00,19950.905634821625
2016-01-01 23:47:00,0.23400000000000018
2016-01-01 23:48:00,0.23300000000000018
2016-01-01 23:49:00,0.22600000000000017
2016-01-01 23:50:00,0.22100000000000017
2016-01-01 23:51:00,22532.76555398389
2016-01-01 23:52:00,22532.759553983888
2016-01-01 23:53:00,22532.753553983886
2016-01-01 23:54:00,67392.47020766808
2016-01-01 23:55:00,85967.43994334668
2016-01-01 23:56:00,85967.43694334666
2016-01-01 23:57:00,85967.43094334667
2016-01-01 23:58:00,85967.4259433467
2016-01-01 23:59:00,63434.86538936279
