0,Load Profile
2016-01-01 00:00:00,58183.154360651286
2016-01-01 00:01:00,139563.83463798516
2016-01-01 00:02:00,222817.7515929921
2016-01-01 00:03:00,318395.53266006743
2016-01-01 00:04:00,324976.6686216791
2016-01-01 00:05:00,462632.85874858184
2016-01-01 00:06:00,522355.1603582964
2016-01-01 00:07:00,564192.6258895696
2016-01-01 00:08:00,745412.0153393622
2016-01-01 00:09:00,942522.2603730388
2016-01-01 00:10:00,1150022.980102992
2016-01-01 00:11:00,1248014.8103957793
2016-01-01 00:12:00,1272781.1418962798
2016-01-01 00:13:00,1282018.8951722116
2016-01-01 00:14:00,1516164.858252661
2016-01-01 00:15:00,1365771.7934994285
2016-01-01 00:16:00,1343618.5695739915
2016-01-01 00:17:00,1300601.9249903886
2016-01-01 00:18:00,1579359.3839555983
2016-01-01 00:19:00,1365261.4306588834
2016-01-01 00:20:00,1504145.3780683551
2016-01-01 00:21:00,1411456.2102165057
2016-01-01 00:22:00,1451906.2664177483
2016-01-01 00:23:00,1365274.887275838
2016-01-01 00:24:00,1575887.3550819065
2016-01-01 00:25:00,1617052.311058342
2016-01-01 00:26:00,1642547.4936649231
2016-01-01 00:27:00,1714115.3442606826
2016-01-01 00:28:00,1876723.5143654353
2016-01-01 00:29:00,1740241.2535298646
2016-01-01 00:30:00,1785530.148541151
2016-01-01 00:31:00,1784965.7215908512
2016-01-01 00:32:00,1828016.3353073162
2016-01-01 00:33:00,1852804.1054015518
2016-01-01 00:34:00,1752957.4479694646
2016-01-01 00:35:00,1738231.8312996097
2016-01-01 00:36:00,1743906.1751405841
2016-01-01 00:37:00,1876976.507634468
2016-01-01 00:38:00,1923254.648382623
2016-01-01 00:39:00,2282238.7064576996
2016-01-01 00:40:00,2267374.590161394
2016-01-01 00:41:00,2233970.771219786
2016-01-01 00:42:00,2305439.8034237004
2016-01-01 00:43:00,2397195.6928352057
2016-01-01 00:44:00,2672360.4470904153
2016-01-01 00:45:00,2566105.6918789116
2016-01-01 00:46:00,2488742.3361965013
2016-01-01 00:47:00,2518098.7819971084
2016-01-01 00:48:00,2424683.217697036
2016-01-01 00:49:00,2334736.836688029
2016-01-01 00:50:00,2487647.9544984
2016-01-01 00:51:00,2446315.272441858
2016-01-01 00:52:00,2700587.527130672
2016-01-01 00:53:00,2846852.526941887
2016-01-01 00:54:00,2736340.895460168
2016-01-01 00:55:00,2798543.5165458648
2016-01-01 00:56:00,2802391.958512319
2016-01-01 00:57:00,2592944.3628350315
2016-01-01 00:58:00,2641705.381060666
2016-01-01 00:59:00,2821778.664475432
2016-01-01 01:00:00,2675638.390928649
2016-01-01 01:01:00,2461576.1767121037
2016-01-01 01:02:00,2545537.8954674816
2016-01-01 01:03:00,2651221.6601194195
2016-01-01 01:04:00,2623691.9435333814
2016-01-01 01:05:00,2629430.2511391114
2016-01-01 01:06:00,2698772.124488426
2016-01-01 01:07:00,2779275.3437254243
2016-01-01 01:08:00,2771937.688378482
2016-01-01 01:09:00,2965324.818390027
2016-01-01 01:10:00,2859204.5388835007
2016-01-01 01:11:00,2806253.1271773297
2016-01-01 01:12:00,3080797.643730823
2016-01-01 01:13:00,3037266.530062974
2016-01-01 01:14:00,2984654.3658215855
2016-01-01 01:15:00,3308743.8488950636
2016-01-01 01:16:00,3321714.4621477756
2016-01-01 01:17:00,3067259.6648917682
2016-01-01 01:18:00,2883133.4700228977
2016-01-01 01:19:00,2874558.3235236993
2016-01-01 01:20:00,2802968.648542205
2016-01-01 01:21:00,2861145.2357162605
2016-01-01 01:22:00,2950723.393671672
2016-01-01 01:23:00,2730888.045007199
2016-01-01 01:24:00,2622997.594543092
2016-01-01 01:25:00,2211204.5552797476
2016-01-01 01:26:00,2122889.6458529104
2016-01-01 01:27:00,2246911.56847158
2016-01-01 01:28:00,2144359.4483403484
2016-01-01 01:29:00,2327164.9859154383
2016-01-01 01:30:00,2252538.817754565
2016-01-01 01:31:00,2046210.58985023
2016-01-01 01:32:00,2196163.1032895613
2016-01-01 01:33:00,2146894.308839604
2016-01-01 01:34:00,2368340.265967454
2016-01-01 01:35:00,2370078.2372604585
2016-01-01 01:36:00,2510688.453846628
2016-01-01 01:37:00,2479862.1803113758
2016-01-01 01:38:00,2353207.562291093
2016-01-01 01:39:00,2442521.6121749566
2016-01-01 01:40:00,2478319.0419131257
2016-01-01 01:41:00,2515111.8045288813
2016-01-01 01:42:00,2545504.6268689656
2016-01-01 01:43:00,2670802.4459148995
2016-01-01 01:44:00,2949998.600080077
2016-01-01 01:45:00,3043444.206660745
2016-01-01 01:46:00,3299041.127182463
2016-01-01 01:47:00,3243711.433259568
2016-01-01 01:48:00,3312942.419632143
2016-01-01 01:49:00,3328515.6311293994
2016-01-01 01:50:00,3357272.9784203325
2016-01-01 01:51:00,3258283.4635150325
2016-01-01 01:52:00,2941686.5632870174
2016-01-01 01:53:00,2713293.020551014
2016-01-01 01:54:00,2783624.8285945696
2016-01-01 01:55:00,2568259.3494724585
2016-01-01 01:56:00,2135752.942506379
2016-01-01 01:57:00,2278691.400357838
2016-01-01 01:58:00,2442307.7867532307
2016-01-01 01:59:00,2541624.1855184874
2016-01-01 02:00:00,2764817.9712206163
2016-01-01 02:01:00,3016404.2677930677
2016-01-01 02:02:00,2926703.014717813
2016-01-01 02:03:00,3249666.1115851686
2016-01-01 02:04:00,3224590.1041356223
2016-01-01 02:05:00,3369141.8942552204
2016-01-01 02:06:00,3357369.040580715
2016-01-01 02:07:00,3264397.523743927
2016-01-01 02:08:00,2844509.717066844
2016-01-01 02:09:00,2904169.2466139626
2016-01-01 02:10:00,2906917.418913088
2016-01-01 02:11:00,2999045.989773786
2016-01-01 02:12:00,2869504.9006058737
2016-01-01 02:13:00,2940106.0811303933
2016-01-01 02:14:00,2991971.7540136008
2016-01-01 02:15:00,2801982.7617741516
2016-01-01 02:16:00,2675377.08441321
2016-01-01 02:17:00,2757638.9518901445
2016-01-01 02:18:00,2923517.786561351
2016-01-01 02:19:00,2970432.67477673
2016-01-01 02:20:00,3048762.64148997
2016-01-01 02:21:00,3071432.792192359
2016-01-01 02:22:00,3203097.153455449
2016-01-01 02:23:00,3161212.883301
2016-01-01 02:24:00,2927104.4999365667
2016-01-01 02:25:00,2788541.8148285076
2016-01-01 02:26:00,2646289.7745989417
2016-01-01 02:27:00,2818463.4139441806
2016-01-01 02:28:00,2667233.291361206
2016-01-01 02:29:00,2791427.7625853103
2016-01-01 02:30:00,2701237.236910533
2016-01-01 02:31:00,2579741.4877472166
2016-01-01 02:32:00,2732377.6997684743
2016-01-01 02:33:00,2770565.326627546
2016-01-01 02:34:00,2687050.792386951
2016-01-01 02:35:00,2701858.8572156113
2016-01-01 02:36:00,2758062.627788494
2016-01-01 02:37:00,2819484.990805057
2016-01-01 02:38:00,2747110.201705725
2016-01-01 02:39:00,2686939.9980154205
2016-01-01 02:40:00,2422446.108476608
2016-01-01 02:41:00,2585655.64116387
2016-01-01 02:42:00,2616836.0991523503
2016-01-01 02:43:00,2594731.3058840046
2016-01-01 02:44:00,2706876.4618966607
2016-01-01 02:45:00,2468919.205916795
2016-01-01 02:46:00,2217320.542073428
2016-01-01 02:47:00,2315465.021660555
2016-01-01 02:48:00,2118372.261578266
2016-01-01 02:49:00,2094647.1506283472
2016-01-01 02:50:00,2156590.6429767907
2016-01-01 02:51:00,2340864.086239373
2016-01-01 02:52:00,2527595.7715806016
2016-01-01 02:53:00,2798920.9874380818
2016-01-01 02:54:00,2824834.8550065015
2016-01-01 02:55:00,2629751.373045697
2016-01-01 02:56:00,2740341.6334730415
2016-01-01 02:57:00,2670668.86659779
2016-01-01 02:58:00,2667242.6749131866
2016-01-01 02:59:00,2705343.6491621146
2016-01-01 03:00:00,2563675.887161691
2016-01-01 03:01:00,2634456.3807826405
2016-01-01 03:02:00,2457700.6133867614
2016-01-01 03:03:00,2351932.3129632166
2016-01-01 03:04:00,2353910.6568671623
2016-01-01 03:05:00,2346088.924657316
2016-01-01 03:06:00,2432847.139626977
2016-01-01 03:07:00,2318058.6249795407
2016-01-01 03:08:00,2370552.392447023
2016-01-01 03:09:00,2490894.351602124
2016-01-01 03:10:00,2386634.4305853634
2016-01-01 03:11:00,2376830.8548380183
2016-01-01 03:12:00,2546768.1947310953
2016-01-01 03:13:00,2429654.294860544
2016-01-01 03:14:00,2570269.1317944336
2016-01-01 03:15:00,2954363.467751254
2016-01-01 03:16:00,2748958.435399029
2016-01-01 03:17:00,3070490.203137139
2016-01-01 03:18:00,3023294.276070289
2016-01-01 03:19:00,3091339.4707761025
2016-01-01 03:20:00,3395345.705940442
2016-01-01 03:21:00,3484753.7998129884
2016-01-01 03:22:00,3501935.437512138
2016-01-01 03:23:00,3587121.423385438
2016-01-01 03:24:00,3651988.7834201674
2016-01-01 03:25:00,3526155.521173812
2016-01-01 03:26:00,3739179.621140835
2016-01-01 03:27:00,3569898.0140774045
2016-01-01 03:28:00,3403709.6068618163
2016-01-01 03:29:00,2989617.7772216187
2016-01-01 03:30:00,3002881.6474587885
2016-01-01 03:31:00,2851994.986116439
2016-01-01 03:32:00,2600617.797513808
2016-01-01 03:33:00,2556805.0192623325
2016-01-01 03:34:00,2409928.9479493843
2016-01-01 03:35:00,2303171.851373653
2016-01-01 03:36:00,2511390.7621412976
2016-01-01 03:37:00,2614243.8115704325
2016-01-01 03:38:00,2783504.21700061
2016-01-01 03:39:00,2928841.627065824
2016-01-01 03:40:00,3081836.0102441073
2016-01-01 03:41:00,3246794.455974778
2016-01-01 03:42:00,3456960.085342248
2016-01-01 03:43:00,3341890.3480000133
2016-01-01 03:44:00,3263561.9808390364
2016-01-01 03:45:00,2965874.522700402
2016-01-01 03:46:00,2887082.185533596
2016-01-01 03:47:00,2791618.9944015527
2016-01-01 03:48:00,2716976.005439883
2016-01-01 03:49:00,2652858.6897643236
2016-01-01 03:50:00,2778766.0761678764
2016-01-01 03:51:00,2691101.3620763253
2016-01-01 03:52:00,2848824.341167809
2016-01-01 03:53:00,3041431.9348646617
2016-01-01 03:54:00,3330271.071664078
2016-01-01 03:55:00,3438231.819172882
2016-01-01 03:56:00,3275797.647859848
2016-01-01 03:57:00,3262038.6300097387
2016-01-01 03:58:00,3187590.4465594073
2016-01-01 03:59:00,3250038.665249827
2016-01-01 04:00:00,3159762.848340151
2016-01-01 04:01:00,3065610.5868569445
2016-01-01 04:02:00,2970921.157046448
2016-01-01 04:03:00,2727057.7451449893
2016-01-01 04:04:00,2784363.838338931
2016-01-01 04:05:00,2723932.62917258
2016-01-01 04:06:00,2598435.3298046878
2016-01-01 04:07:00,2779541.221672807
2016-01-01 04:08:00,2597635.185097662
2016-01-01 04:09:00,2460410.7948982776
2016-01-01 04:10:00,2394401.8569334075
2016-01-01 04:11:00,2613331.6501241233
2016-01-01 04:12:00,2717597.0515270955
2016-01-01 04:13:00,2932559.611257642
2016-01-01 04:14:00,2697601.6300758715
2016-01-01 04:15:00,2457405.995737637
2016-01-01 04:16:00,2416346.6081785243
2016-01-01 04:17:00,2632222.581161611
2016-01-01 04:18:00,2641633.690828546
2016-01-01 04:19:00,2547938.079355239
2016-01-01 04:20:00,2744718.392059569
2016-01-01 04:21:00,2628552.7706427183
2016-01-01 04:22:00,2684824.116378817
2016-01-01 04:23:00,2621331.010228149
2016-01-01 04:24:00,2592853.271557469
2016-01-01 04:25:00,2585812.834657841
2016-01-01 04:26:00,2406490.553238392
2016-01-01 04:27:00,2350376.553699599
2016-01-01 04:28:00,2005562.8142603538
2016-01-01 04:29:00,2121330.563904757
2016-01-01 04:30:00,1884745.1072344002
2016-01-01 04:31:00,1696852.201132453
2016-01-01 04:32:00,2045241.6354171096
2016-01-01 04:33:00,2002465.0954497484
2016-01-01 04:34:00,2038075.5464261654
2016-01-01 04:35:00,2076606.6050279299
2016-01-01 04:36:00,1983590.7956359047
2016-01-01 04:37:00,1923725.330056794
2016-01-01 04:38:00,2180654.914559329
2016-01-01 04:39:00,2128330.418461357
2016-01-01 04:40:00,2016811.8898793182
2016-01-01 04:41:00,2015865.7565654684
2016-01-01 04:42:00,1986293.936439023
2016-01-01 04:43:00,1998459.6504577117
2016-01-01 04:44:00,1940558.757651368
2016-01-01 04:45:00,2046603.6762100535
2016-01-01 04:46:00,2189472.6170669044
2016-01-01 04:47:00,2379660.513591565
2016-01-01 04:48:00,2053023.190543872
2016-01-01 04:49:00,2046244.0276764361
2016-01-01 04:50:00,2444904.918535097
2016-01-01 04:51:00,2637152.0935261413
2016-01-01 04:52:00,2516854.7516772975
2016-01-01 04:53:00,2330559.320762553
2016-01-01 04:54:00,2298945.9474973483
2016-01-01 04:55:00,2544871.5155466036
2016-01-01 04:56:00,2266744.8986537484
2016-01-01 04:57:00,2257392.426390078
2016-01-01 04:58:00,2417218.127203491
2016-01-01 04:59:00,2360966.14924537
2016-01-01 05:00:00,2344835.2127638585
2016-01-01 05:01:00,2271543.008609399
2016-01-01 05:02:00,2097463.2521335916
2016-01-01 05:03:00,2225519.4239625726
2016-01-01 05:04:00,2098243.2576735904
2016-01-01 05:05:00,2017275.477866477
2016-01-01 05:06:00,1644294.2432806198
2016-01-01 05:07:00,1558064.6635845823
2016-01-01 05:08:00,1633372.022059349
2016-01-01 05:09:00,1779587.1855665438
2016-01-01 05:10:00,1711389.6075181107
2016-01-01 05:11:00,1675448.8274013703
2016-01-01 05:12:00,1651569.3468034456
2016-01-01 05:13:00,1664944.0094295612
2016-01-01 05:14:00,1750222.855679637
2016-01-01 05:15:00,1944834.6137758992
2016-01-01 05:16:00,1871485.0331838797
2016-01-01 05:17:00,1840159.4596796478
2016-01-01 05:18:00,1685328.7277020307
2016-01-01 05:19:00,1624471.312855944
2016-01-01 05:20:00,1555061.9866834516
2016-01-01 05:21:00,1552892.9809011288
2016-01-01 05:22:00,1407121.4638420267
2016-01-01 05:23:00,1604860.7935459635
2016-01-01 05:24:00,1647727.7459814136
2016-01-01 05:25:00,1589767.8101158647
2016-01-01 05:26:00,1625107.328875484
2016-01-01 05:27:00,1563810.036455318
2016-01-01 05:28:00,1542082.1591105738
2016-01-01 05:29:00,1526693.2894505812
2016-01-01 05:30:00,1584858.3978109355
2016-01-01 05:31:00,1673008.4997815348
2016-01-01 05:32:00,1482005.224270791
2016-01-01 05:33:00,1467712.953769524
2016-01-01 05:34:00,1576798.5669201175
2016-01-01 05:35:00,1571277.9805019957
2016-01-01 05:36:00,1624771.7709878797
2016-01-01 05:37:00,1516723.5902126932
2016-01-01 05:38:00,1725821.976498402
2016-01-01 05:39:00,1730415.0386298487
2016-01-01 05:40:00,1509534.280719199
2016-01-01 05:41:00,1463991.7602845957
2016-01-01 05:42:00,1459381.5528516169
2016-01-01 05:43:00,1359145.4428296897
2016-01-01 05:44:00,1331884.0345244566
2016-01-01 05:45:00,1211691.9794746442
2016-01-01 05:46:00,1152759.0518765366
2016-01-01 05:47:00,1104253.2490105303
2016-01-01 05:48:00,1200902.9331068515
2016-01-01 05:49:00,1181227.0073738957
2016-01-01 05:50:00,1243523.5592815047
2016-01-01 05:51:00,1052979.3899159331
2016-01-01 05:52:00,1021108.5775275476
2016-01-01 05:53:00,1069148.6326533502
2016-01-01 05:54:00,1102329.9906904972
2016-01-01 05:55:00,1065786.8444566587
2016-01-01 05:56:00,1141411.0255938906
2016-01-01 05:57:00,1236206.2953519884
2016-01-01 05:58:00,1460331.1420912256
2016-01-01 05:59:00,1284867.164045765
2016-01-01 06:00:00,1532289.0757877561
2016-01-01 06:01:00,1414418.4126746042
2016-01-01 06:02:00,1464054.7940275231
2016-01-01 06:03:00,1572520.9688396042
2016-01-01 06:04:00,1735383.4990417405
2016-01-01 06:05:00,1731797.2285227685
2016-01-01 06:06:00,1814045.8457035231
2016-01-01 06:07:00,1879320.311052456
2016-01-01 06:08:00,1932417.223322275
2016-01-01 06:09:00,1974890.585240955
2016-01-01 06:10:00,2065483.9282089465
2016-01-01 06:11:00,1946353.2392021061
2016-01-01 06:12:00,1988790.8060113988
2016-01-01 06:13:00,2248533.076224526
2016-01-01 06:14:00,2235188.766215475
2016-01-01 06:15:00,2391763.727202438
2016-01-01 06:16:00,2445874.7367840456
2016-01-01 06:17:00,2417846.025413021
2016-01-01 06:18:00,2501026.127898397
2016-01-01 06:19:00,2584154.7993525174
2016-01-01 06:20:00,2628552.23899037
2016-01-01 06:21:00,2794209.921109415
2016-01-01 06:22:00,2906639.0937336213
2016-01-01 06:23:00,2813333.9594528517
2016-01-01 06:24:00,2825385.4372509145
2016-01-01 06:25:00,2975471.917089231
2016-01-01 06:26:00,2982536.858850273
2016-01-01 06:27:00,3044173.2682863837
2016-01-01 06:28:00,3030607.7870479627
2016-01-01 06:29:00,3094168.5991898268
2016-01-01 06:30:00,3397463.36065513
2016-01-01 06:31:00,3316320.884226029
2016-01-01 06:32:00,3423381.616965977
2016-01-01 06:33:00,3346977.873297992
2016-01-01 06:34:00,3367173.1006355854
2016-01-01 06:35:00,3409316.406797045
2016-01-01 06:36:00,3497493.311560141
2016-01-01 06:37:00,3746758.2086745803
2016-01-01 06:38:00,3872989.8963362924
2016-01-01 06:39:00,4000344.3197394507
2016-01-01 06:40:00,3976985.430476503
2016-01-01 06:41:00,4160093.4175756513
2016-01-01 06:42:00,4439347.30265101
2016-01-01 06:43:00,4609015.670557887
2016-01-01 06:44:00,4606987.739571047
2016-01-01 06:45:00,4501891.399959829
2016-01-01 06:46:00,4384849.376720262
2016-01-01 06:47:00,4678716.4938885085
2016-01-01 06:48:00,4960085.504160592
2016-01-01 06:49:00,4907174.22106666
2016-01-01 06:50:00,4951947.55925454
2016-01-01 06:51:00,5147978.701652811
2016-01-01 06:52:00,5368140.71209226
2016-01-01 06:53:00,5446159.223203929
2016-01-01 06:54:00,5389351.996120106
2016-01-01 06:55:00,5441678.142357354
2016-01-01 06:56:00,5534895.354410992
2016-01-01 06:57:00,5554940.881005807
2016-01-01 06:58:00,5259521.955880482
2016-01-01 06:59:00,5219141.054747394
2016-01-01 07:00:00,5077498.85860101
2016-01-01 07:01:00,5471194.962625192
2016-01-01 07:02:00,5648785.7230961565
2016-01-01 07:03:00,5401980.184924016
2016-01-01 07:04:00,5730246.187632278
2016-01-01 07:05:00,5541958.855070218
2016-01-01 07:06:00,5638372.0725850975
2016-01-01 07:07:00,5786047.674219389
2016-01-01 07:08:00,6003761.006621155
2016-01-01 07:09:00,5825080.5502807
2016-01-01 07:10:00,5618751.43482173
2016-01-01 07:11:00,5664559.861349752
2016-01-01 07:12:00,5673385.554712275
2016-01-01 07:13:00,5597501.242408533
2016-01-01 07:14:00,5949666.782768268
2016-01-01 07:15:00,6105999.668960875
2016-01-01 07:16:00,6285188.054925552
2016-01-01 07:17:00,6552016.892330192
2016-01-01 07:18:00,6691065.400565005
2016-01-01 07:19:00,7011178.594751583
2016-01-01 07:20:00,7175916.212292137
2016-01-01 07:21:00,6922724.392068068
2016-01-01 07:22:00,7176256.949123643
2016-01-01 07:23:00,7434521.9873526655
2016-01-01 07:24:00,7405431.125415144
2016-01-01 07:25:00,7336615.182735621
2016-01-01 07:26:00,7326413.470899475
2016-01-01 07:27:00,7095408.8971180115
2016-01-01 07:28:00,7416151.567025643
2016-01-01 07:29:00,7489162.148826319
2016-01-01 07:30:00,7590749.40611732
2016-01-01 07:31:00,7410568.5556858005
2016-01-01 07:32:00,7759211.486199489
2016-01-01 07:33:00,7899988.840598613
2016-01-01 07:34:00,8098411.86642213
2016-01-01 07:35:00,8024073.411169428
2016-01-01 07:36:00,8091610.659008359
2016-01-01 07:37:00,8638919.797070762
2016-01-01 07:38:00,8858326.607212158
2016-01-01 07:39:00,8895824.800929189
2016-01-01 07:40:00,9158706.048978468
2016-01-01 07:41:00,9368435.009087617
2016-01-01 07:42:00,9423866.480992898
2016-01-01 07:43:00,9424137.794988168
2016-01-01 07:44:00,9491196.376676653
2016-01-01 07:45:00,9341290.56674552
2016-01-01 07:46:00,9686371.247341411
2016-01-01 07:47:00,9967370.294200286
2016-01-01 07:48:00,10080909.660273783
2016-01-01 07:49:00,10040567.036013156
2016-01-01 07:50:00,10115890.382985484
2016-01-01 07:51:00,10103267.734638559
2016-01-01 07:52:00,10403515.872814083
2016-01-01 07:53:00,10526884.316063512
2016-01-01 07:54:00,10657726.994577048
2016-01-01 07:55:00,10818685.389839705
2016-01-01 07:56:00,10643860.273897473
2016-01-01 07:57:00,10842248.736787166
2016-01-01 07:58:00,11506498.750418637
2016-01-01 07:59:00,11649568.283864409
2016-01-01 08:00:00,11981192.212758124
2016-01-01 08:01:00,12300915.662398372
2016-01-01 08:02:00,12458530.33990932
2016-01-01 08:03:00,12598191.673199719
2016-01-01 08:04:00,12572693.263449058
2016-01-01 08:05:00,12888224.766901456
2016-01-01 08:06:00,12586779.065172225
2016-01-01 08:07:00,12676552.46629319
2016-01-01 08:08:00,12579124.336506877
2016-01-01 08:09:00,12633196.602368599
2016-01-01 08:10:00,12651414.510438927
2016-01-01 08:11:00,12542883.450674495
2016-01-01 08:12:00,12709939.059735693
2016-01-01 08:13:00,12538747.604165446
2016-01-01 08:14:00,12324802.818265187
2016-01-01 08:15:00,12444521.449940458
2016-01-01 08:16:00,12609293.158928175
2016-01-01 08:17:00,12217983.817996053
2016-01-01 08:18:00,12186354.528069498
2016-01-01 08:19:00,12213700.776285892
2016-01-01 08:20:00,12490758.319707746
2016-01-01 08:21:00,13187039.864845278
2016-01-01 08:22:00,13179102.501292644
2016-01-01 08:23:00,13372073.567396961
2016-01-01 08:24:00,13355824.934739443
2016-01-01 08:25:00,13291822.426325535
2016-01-01 08:26:00,13447747.800101234
2016-01-01 08:27:00,13778919.23770483
2016-01-01 08:28:00,14103235.06797314
2016-01-01 08:29:00,14180366.600903478
2016-01-01 08:30:00,14436756.746473439
2016-01-01 08:31:00,14510768.264100214
2016-01-01 08:32:00,14802340.365422953
2016-01-01 08:33:00,14920289.412995705
2016-01-01 08:34:00,15233537.898572402
2016-01-01 08:35:00,15005969.02013302
2016-01-01 08:36:00,14900748.103744455
2016-01-01 08:37:00,14798330.344563026
2016-01-01 08:38:00,14872504.09290557
2016-01-01 08:39:00,14732002.175258413
2016-01-01 08:40:00,14767491.761735037
2016-01-01 08:41:00,14563273.695473004
2016-01-01 08:42:00,14522790.95271739
2016-01-01 08:43:00,14682826.575577987
2016-01-01 08:44:00,14643183.26396297
2016-01-01 08:45:00,14849262.672779778
2016-01-01 08:46:00,14634118.636122612
2016-01-01 08:47:00,14432853.40059779
2016-01-01 08:48:00,14516565.990118708
2016-01-01 08:49:00,14628542.728524717
2016-01-01 08:50:00,14668818.55595228
2016-01-01 08:51:00,14701708.686667437
2016-01-01 08:52:00,14502496.691181254
2016-01-01 08:53:00,14609268.769617656
2016-01-01 08:54:00,14662695.157097543
2016-01-01 08:55:00,14810107.634167809
2016-01-01 08:56:00,14955812.639119457
2016-01-01 08:57:00,15058462.055220867
2016-01-01 08:58:00,14802257.43909761
2016-01-01 08:59:00,14872936.89273681
2016-01-01 09:00:00,14809338.738661464
2016-01-01 09:01:00,14726869.191129632
2016-01-01 09:02:00,14859960.677000402
2016-01-01 09:03:00,15041077.340922115
2016-01-01 09:04:00,14946139.31895507
2016-01-01 09:05:00,14912894.07138281
2016-01-01 09:06:00,15299679.000855215
2016-01-01 09:07:00,15144531.207119541
2016-01-01 09:08:00,14706562.077501932
2016-01-01 09:09:00,14847960.493313774
2016-01-01 09:10:00,14773233.016760893
2016-01-01 09:11:00,14418571.37023038
2016-01-01 09:12:00,14338882.0914583
2016-01-01 09:13:00,14378025.292927282
2016-01-01 09:14:00,14286357.497670176
2016-01-01 09:15:00,14185505.385661779
2016-01-01 09:16:00,14231475.173550565
2016-01-01 09:17:00,14463731.927720921
2016-01-01 09:18:00,14593415.034066679
2016-01-01 09:19:00,14476939.17718477
2016-01-01 09:20:00,14811575.471163273
2016-01-01 09:21:00,14652113.963110005
2016-01-01 09:22:00,14346723.59512892
2016-01-01 09:23:00,14496818.732421953
2016-01-01 09:24:00,14346909.559075328
2016-01-01 09:25:00,14462924.725597244
2016-01-01 09:26:00,14455796.30159718
2016-01-01 09:27:00,14657769.07551242
2016-01-01 09:28:00,14853033.890100587
2016-01-01 09:29:00,14617230.088896861
2016-01-01 09:30:00,14465404.002820125
2016-01-01 09:31:00,14369240.572246399
2016-01-01 09:32:00,14140386.573651306
2016-01-01 09:33:00,14022608.63835919
2016-01-01 09:34:00,14399019.315462884
2016-01-01 09:35:00,14186118.387726087
2016-01-01 09:36:00,14158763.198576786
2016-01-01 09:37:00,14039038.428302167
2016-01-01 09:38:00,14067364.524580875
2016-01-01 09:39:00,14254401.46737267
2016-01-01 09:40:00,14343454.08018304
2016-01-01 09:41:00,14283231.897748252
2016-01-01 09:42:00,14138751.468583405
2016-01-01 09:43:00,13841590.87158915
2016-01-01 09:44:00,14146788.082426928
2016-01-01 09:45:00,14591733.88185856
2016-01-01 09:46:00,14795223.125770502
2016-01-01 09:47:00,14532480.702459225
2016-01-01 09:48:00,14834559.742106324
2016-01-01 09:49:00,15014332.161091316
2016-01-01 09:50:00,14645768.334340902
2016-01-01 09:51:00,14853346.656370666
2016-01-01 09:52:00,14534190.094555952
2016-01-01 09:53:00,14568768.867351947
2016-01-01 09:54:00,14636860.80541943
2016-01-01 09:55:00,14322504.90755781
2016-01-01 09:56:00,14512997.461552301
2016-01-01 09:57:00,14396988.123357352
2016-01-01 09:58:00,14317130.778784981
2016-01-01 09:59:00,14366339.713344513
2016-01-01 10:00:00,14497505.418576162
2016-01-01 10:01:00,14902975.356449697
2016-01-01 10:02:00,14642674.500351712
2016-01-01 10:03:00,14692657.409838099
2016-01-01 10:04:00,14954934.145626929
2016-01-01 10:05:00,15080229.71517533
2016-01-01 10:06:00,15287440.398066133
2016-01-01 10:07:00,15210805.101764826
2016-01-01 10:08:00,14896100.63464121
2016-01-01 10:09:00,14682746.45509663
2016-01-01 10:10:00,14959227.165799433
2016-01-01 10:11:00,14644450.511797138
2016-01-01 10:12:00,14938660.870464157
2016-01-01 10:13:00,15053395.660635512
2016-01-01 10:14:00,14703311.781218903
2016-01-01 10:15:00,14641569.195050713
2016-01-01 10:16:00,14713798.460200258
2016-01-01 10:17:00,14381615.467153426
2016-01-01 10:18:00,14544112.018623125
2016-01-01 10:19:00,14369812.188337054
2016-01-01 10:20:00,14215312.489994936
2016-01-01 10:21:00,14288187.295878658
2016-01-01 10:22:00,14261842.003860118
2016-01-01 10:23:00,14061357.946598437
2016-01-01 10:24:00,14206719.228314688
2016-01-01 10:25:00,14317715.472264268
2016-01-01 10:26:00,14587671.399554636
2016-01-01 10:27:00,14712087.512619378
2016-01-01 10:28:00,14176151.378565393
2016-01-01 10:29:00,14446032.15656951
2016-01-01 10:30:00,14292539.135954551
2016-01-01 10:31:00,14345823.001392957
2016-01-01 10:32:00,14028133.139360977
2016-01-01 10:33:00,14205532.308585718
2016-01-01 10:34:00,14243205.048775421
2016-01-01 10:35:00,14297754.431639966
2016-01-01 10:36:00,14196829.173355058
2016-01-01 10:37:00,14172209.578997582
2016-01-01 10:38:00,14371841.357627686
2016-01-01 10:39:00,14579749.91639764
2016-01-01 10:40:00,14607227.593471816
2016-01-01 10:41:00,14447527.600862587
2016-01-01 10:42:00,14554261.159200544
2016-01-01 10:43:00,14859305.733123241
2016-01-01 10:44:00,14659743.182717228
2016-01-01 10:45:00,14573929.392335461
2016-01-01 10:46:00,14233396.698415594
2016-01-01 10:47:00,14323451.078196751
2016-01-01 10:48:00,14093957.420354279
2016-01-01 10:49:00,14388239.355906019
2016-01-01 10:50:00,14402036.877509043
2016-01-01 10:51:00,14756514.683780672
2016-01-01 10:52:00,15111638.531582491
2016-01-01 10:53:00,15001174.034933774
2016-01-01 10:54:00,15225677.680888008
2016-01-01 10:55:00,15502105.261402864
2016-01-01 10:56:00,15668258.505022472
2016-01-01 10:57:00,15738157.5273086
2016-01-01 10:58:00,15579055.794883944
2016-01-01 10:59:00,15513494.992501916
2016-01-01 11:00:00,15674116.26890771
2016-01-01 11:01:00,15996309.094114058
2016-01-01 11:02:00,15750669.09712282
2016-01-01 11:03:00,15670255.887661172
2016-01-01 11:04:00,15437012.12247787
2016-01-01 11:05:00,15629675.77955037
2016-01-01 11:06:00,15488729.17733336
2016-01-01 11:07:00,15168092.876661943
2016-01-01 11:08:00,15159137.640184091
2016-01-01 11:09:00,14589506.818154259
2016-01-01 11:10:00,14655255.039823556
2016-01-01 11:11:00,14859603.91449178
2016-01-01 11:12:00,14805427.457535965
2016-01-01 11:13:00,15469399.123865236
2016-01-01 11:14:00,15506777.801175252
2016-01-01 11:15:00,15419215.829095665
2016-01-01 11:16:00,15205164.225218834
2016-01-01 11:17:00,15370038.311121747
2016-01-01 11:18:00,15475511.405256044
2016-01-01 11:19:00,15345987.78481921
2016-01-01 11:20:00,15087913.377623508
2016-01-01 11:21:00,15071363.731511025
2016-01-01 11:22:00,15053566.123348746
2016-01-01 11:23:00,15068196.318002243
2016-01-01 11:24:00,14817290.179736597
2016-01-01 11:25:00,15318880.711145056
2016-01-01 11:26:00,15318837.920466
2016-01-01 11:27:00,15243409.122984095
2016-01-01 11:28:00,15469407.5155639
2016-01-01 11:29:00,15313115.718741814
2016-01-01 11:30:00,15068985.948720854
2016-01-01 11:31:00,15150016.830883438
2016-01-01 11:32:00,15066024.105119845
2016-01-01 11:33:00,14850026.583944246
2016-01-01 11:34:00,14842793.128092581
2016-01-01 11:35:00,15327219.407276025
2016-01-01 11:36:00,15528883.208216593
2016-01-01 11:37:00,15740855.215665532
2016-01-01 11:38:00,15756144.160190009
2016-01-01 11:39:00,15672776.189723425
2016-01-01 11:40:00,15611455.753013447
2016-01-01 11:41:00,15382628.546817724
2016-01-01 11:42:00,15397815.621079652
2016-01-01 11:43:00,15146652.440499028
2016-01-01 11:44:00,14476213.311105518
2016-01-01 11:45:00,14227675.299098065
2016-01-01 11:46:00,14598864.017202424
2016-01-01 11:47:00,14231820.154260896
2016-01-01 11:48:00,14096091.770591592
2016-01-01 11:49:00,13972179.483974852
2016-01-01 11:50:00,14308250.310926802
2016-01-01 11:51:00,14567240.267638711
2016-01-01 11:52:00,15000033.23851557
2016-01-01 11:53:00,15413344.323934905
2016-01-01 11:54:00,15183147.388666114
2016-01-01 11:55:00,15223039.914175028
2016-01-01 11:56:00,15170163.086373137
2016-01-01 11:57:00,15178426.487155259
2016-01-01 11:58:00,14981054.674505716
2016-01-01 11:59:00,14998904.9462779
2016-01-01 12:00:00,14970293.058806222
2016-01-01 12:01:00,15147945.65749848
2016-01-01 12:02:00,15170643.846769713
2016-01-01 12:03:00,15059257.813206507
2016-01-01 12:04:00,15207138.027052712
2016-01-01 12:05:00,15178707.285364928
2016-01-01 12:06:00,14973202.998060673
2016-01-01 12:07:00,14885129.4198011
2016-01-01 12:08:00,14622425.518852219
2016-01-01 12:09:00,14648576.974930689
2016-01-01 12:10:00,15053304.820161613
2016-01-01 12:11:00,15355823.14013867
2016-01-01 12:12:00,15586306.468346024
2016-01-01 12:13:00,15867702.70596634
2016-01-01 12:14:00,15431607.496213045
2016-01-01 12:15:00,15000199.455367874
2016-01-01 12:16:00,15193829.549845302
2016-01-01 12:17:00,15019924.654994458
2016-01-01 12:18:00,14573716.991300149
2016-01-01 12:19:00,14314633.712180108
2016-01-01 12:20:00,14351141.636438284
2016-01-01 12:21:00,14440640.631071763
2016-01-01 12:22:00,14315466.328331105
2016-01-01 12:23:00,14314846.432414357
2016-01-01 12:24:00,13964609.015681345
2016-01-01 12:25:00,14316163.228354579
2016-01-01 12:26:00,14487577.758870738
2016-01-01 12:27:00,14737342.558109146
2016-01-01 12:28:00,14837303.182505328
2016-01-01 12:29:00,14632370.728404222
2016-01-01 12:30:00,15002901.165988626
2016-01-01 12:31:00,15151250.634369997
2016-01-01 12:32:00,15204589.122878706
2016-01-01 12:33:00,15049618.066886682
2016-01-01 12:34:00,14689065.678019853
2016-01-01 12:35:00,13904067.86302359
2016-01-01 12:36:00,13946294.399465999
2016-01-01 12:37:00,13849369.786521366
2016-01-01 12:38:00,13452554.698632494
2016-01-01 12:39:00,13439245.056454109
2016-01-01 12:40:00,13356708.808549512
2016-01-01 12:41:00,13140225.053197475
2016-01-01 12:42:00,13171536.918932
2016-01-01 12:43:00,13514716.931762286
2016-01-01 12:44:00,13430511.172694985
2016-01-01 12:45:00,13461622.76121916
2016-01-01 12:46:00,13454008.47953936
2016-01-01 12:47:00,13159145.329748122
2016-01-01 12:48:00,13224086.83673895
2016-01-01 12:49:00,13388590.504667796
2016-01-01 12:50:00,13915869.377418112
2016-01-01 12:51:00,14224685.530418692
2016-01-01 12:52:00,14147778.688586157
2016-01-01 12:53:00,14380649.231461618
2016-01-01 12:54:00,15108002.00676246
2016-01-01 12:55:00,15076769.802637426
2016-01-01 12:56:00,14888152.130247518
2016-01-01 12:57:00,14583205.472098906
2016-01-01 12:58:00,14518849.79417371
2016-01-01 12:59:00,14593012.289385477
2016-01-01 13:00:00,14553996.136401517
2016-01-01 13:01:00,14397188.981540091
2016-01-01 13:02:00,14099272.291147633
2016-01-01 13:03:00,14480094.534103742
2016-01-01 13:04:00,14936886.17933256
2016-01-01 13:05:00,14698701.079645205
2016-01-01 13:06:00,14613144.232250426
2016-01-01 13:07:00,14906722.702709826
2016-01-01 13:08:00,15331376.852773665
2016-01-01 13:09:00,15592232.657960368
2016-01-01 13:10:00,15334152.363903573
2016-01-01 13:11:00,15069248.46730234
2016-01-01 13:12:00,15101420.384017775
2016-01-01 13:13:00,15379749.388266763
2016-01-01 13:14:00,15527408.325722007
2016-01-01 13:15:00,15578505.954618255
2016-01-01 13:16:00,15564187.729963519
2016-01-01 13:17:00,15678964.71017499
2016-01-01 13:18:00,15385590.9932834
2016-01-01 13:19:00,15617644.857165309
2016-01-01 13:20:00,15657611.020987775
2016-01-01 13:21:00,15694964.630864697
2016-01-01 13:22:00,15300580.016780075
2016-01-01 13:23:00,15118280.802011004
2016-01-01 13:24:00,14968538.962660681
2016-01-01 13:25:00,15134502.640659027
2016-01-01 13:26:00,15143557.606721526
2016-01-01 13:27:00,15154344.18843953
2016-01-01 13:28:00,15095778.913166313
2016-01-01 13:29:00,15046346.42124516
2016-01-01 13:30:00,15495738.416841934
2016-01-01 13:31:00,15374672.969155883
2016-01-01 13:32:00,15351976.148027342
2016-01-01 13:33:00,15198560.323978992
2016-01-01 13:34:00,15703768.926045822
2016-01-01 13:35:00,15606882.838471867
2016-01-01 13:36:00,15644450.574396495
2016-01-01 13:37:00,15498438.520698218
2016-01-01 13:38:00,15990851.297548434
2016-01-01 13:39:00,15738556.565235749
2016-01-01 13:40:00,15555987.119085617
2016-01-01 13:41:00,15279743.152203394
2016-01-01 13:42:00,15734181.8687591
2016-01-01 13:43:00,15485859.272916647
2016-01-01 13:44:00,15731165.321328776
2016-01-01 13:45:00,15690205.61052702
2016-01-01 13:46:00,15519334.585215576
2016-01-01 13:47:00,15447611.80427059
2016-01-01 13:48:00,15862293.034667488
2016-01-01 13:49:00,15863436.079593096
2016-01-01 13:50:00,16153067.86941049
2016-01-01 13:51:00,16140534.430042448
2016-01-01 13:52:00,16062752.852623466
2016-01-01 13:53:00,16328379.74790794
2016-01-01 13:54:00,16340862.053676598
2016-01-01 13:55:00,16377946.528682008
2016-01-01 13:56:00,16486944.28506342
2016-01-01 13:57:00,16284392.850671913
2016-01-01 13:58:00,16075183.220268058
2016-01-01 13:59:00,15564606.581069838
2016-01-01 14:00:00,15512116.673148153
2016-01-01 14:01:00,15449931.61891873
2016-01-01 14:02:00,15443731.094150865
2016-01-01 14:03:00,15386060.761995416
2016-01-01 14:04:00,15236782.124204548
2016-01-01 14:05:00,14713459.337769136
2016-01-01 14:06:00,14465924.482620109
2016-01-01 14:07:00,14501555.411721524
2016-01-01 14:08:00,14822161.59527206
2016-01-01 14:09:00,14831119.378528917
2016-01-01 14:10:00,14856433.610052321
2016-01-01 14:11:00,14544176.345537866
2016-01-01 14:12:00,14676798.193933327
2016-01-01 14:13:00,14572743.91226212
2016-01-01 14:14:00,15185792.679000124
2016-01-01 14:15:00,15183243.978230951
2016-01-01 14:16:00,15307111.87041815
2016-01-01 14:17:00,15876769.847390585
2016-01-01 14:18:00,15784642.916718192
2016-01-01 14:19:00,15605654.923351176
2016-01-01 14:20:00,15769915.582736447
2016-01-01 14:21:00,15470247.343174856
2016-01-01 14:22:00,15130462.439356675
2016-01-01 14:23:00,14978071.778103366
2016-01-01 14:24:00,14897144.488442592
2016-01-01 14:25:00,14612321.384890432
2016-01-01 14:26:00,14749267.754757563
2016-01-01 14:27:00,14559883.953346817
2016-01-01 14:28:00,14754989.104284642
2016-01-01 14:29:00,14973120.962929297
2016-01-01 14:30:00,14960744.081576904
2016-01-01 14:31:00,15050215.318818113
2016-01-01 14:32:00,15113524.683442513
2016-01-01 14:33:00,14969909.133993065
2016-01-01 14:34:00,15215417.83840672
2016-01-01 14:35:00,15083999.53220969
2016-01-01 14:36:00,14819276.774797153
2016-01-01 14:37:00,15045560.401411189
2016-01-01 14:38:00,15311950.463594051
2016-01-01 14:39:00,15333292.059028167
2016-01-01 14:40:00,15250563.4236026
2016-01-01 14:41:00,15197026.176504783
2016-01-01 14:42:00,15132079.048435904
2016-01-01 14:43:00,15015448.339648083
2016-01-01 14:44:00,14990993.849810427
2016-01-01 14:45:00,14842484.844206274
2016-01-01 14:46:00,14883968.059674678
2016-01-01 14:47:00,15077363.97903546
2016-01-01 14:48:00,15249789.693519223
2016-01-01 14:49:00,15366316.941911198
2016-01-01 14:50:00,15435386.94786003
2016-01-01 14:51:00,15804922.365334867
2016-01-01 14:52:00,16076208.853295201
2016-01-01 14:53:00,16126972.697116043
2016-01-01 14:54:00,16030927.143738559
2016-01-01 14:55:00,15717273.924673395
2016-01-01 14:56:00,15162398.703304779
2016-01-01 14:57:00,15094705.388110545
2016-01-01 14:58:00,14797373.8739672
2016-01-01 14:59:00,14586405.391820004
2016-01-01 15:00:00,14438870.516624011
2016-01-01 15:01:00,14499593.297054421
2016-01-01 15:02:00,14396738.772858387
2016-01-01 15:03:00,14569672.499917086
2016-01-01 15:04:00,14522175.571560493
2016-01-01 15:05:00,14684382.866725376
2016-01-01 15:06:00,14617042.323391175
2016-01-01 15:07:00,14604413.668863064
2016-01-01 15:08:00,14606490.120093953
2016-01-01 15:09:00,14471146.37451621
2016-01-01 15:10:00,14467260.740474738
2016-01-01 15:11:00,14599100.063997034
2016-01-01 15:12:00,14747451.672298402
2016-01-01 15:13:00,14845800.866417253
2016-01-01 15:14:00,14892185.628379494
2016-01-01 15:15:00,15065959.624233365
2016-01-01 15:16:00,15059739.387789462
2016-01-01 15:17:00,15293407.882828966
2016-01-01 15:18:00,15581919.837835137
2016-01-01 15:19:00,15429648.911391657
2016-01-01 15:20:00,15360863.60311117
2016-01-01 15:21:00,15279461.144843888
2016-01-01 15:22:00,15278329.251850061
2016-01-01 15:23:00,15657380.723390808
2016-01-01 15:24:00,15668761.08757311
2016-01-01 15:25:00,15225815.456559604
2016-01-01 15:26:00,15055190.382031862
2016-01-01 15:27:00,14950481.048035901
2016-01-01 15:28:00,15232044.184955891
2016-01-01 15:29:00,15372059.27316026
2016-01-01 15:30:00,15525287.069463972
2016-01-01 15:31:00,15796845.101759925
2016-01-01 15:32:00,15727583.79302903
2016-01-01 15:33:00,15442040.206578545
2016-01-01 15:34:00,15216899.175043136
2016-01-01 15:35:00,15418426.376008667
2016-01-01 15:36:00,15505908.032451093
2016-01-01 15:37:00,15410422.178248825
2016-01-01 15:38:00,15383960.944788342
2016-01-01 15:39:00,15549253.720059987
2016-01-01 15:40:00,15561743.472911382
2016-01-01 15:41:00,15061361.125536865
2016-01-01 15:42:00,15554150.011320328
2016-01-01 15:43:00,15481960.388494419
2016-01-01 15:44:00,15255277.056267904
2016-01-01 15:45:00,14950727.183003003
2016-01-01 15:46:00,15221367.726250833
2016-01-01 15:47:00,15394521.51197939
2016-01-01 15:48:00,15431582.147133086
2016-01-01 15:49:00,15334753.131119683
2016-01-01 15:50:00,15289779.20535234
2016-01-01 15:51:00,15676402.358917398
2016-01-01 15:52:00,15615876.635731533
2016-01-01 15:53:00,15597545.173916684
2016-01-01 15:54:00,15071222.871117175
2016-01-01 15:55:00,15034439.094970124
2016-01-01 15:56:00,14926753.431147117
2016-01-01 15:57:00,14975468.168285986
2016-01-01 15:58:00,14991517.247306954
2016-01-01 15:59:00,14916025.067315409
2016-01-01 16:00:00,15044697.161775714
2016-01-01 16:01:00,14715100.890292434
2016-01-01 16:02:00,14882295.794673653
2016-01-01 16:03:00,14645203.00321296
2016-01-01 16:04:00,14375185.35029061
2016-01-01 16:05:00,14356728.177936673
2016-01-01 16:06:00,14312938.56526441
2016-01-01 16:07:00,14117392.99993927
2016-01-01 16:08:00,14251672.868716635
2016-01-01 16:09:00,14144740.063573822
2016-01-01 16:10:00,14089780.484751938
2016-01-01 16:11:00,14237079.709842771
2016-01-01 16:12:00,14109496.104858147
2016-01-01 16:13:00,13830883.31311152
2016-01-01 16:14:00,13650993.960855527
2016-01-01 16:15:00,13604828.341347234
2016-01-01 16:16:00,13639726.534615753
2016-01-01 16:17:00,13381854.257128328
2016-01-01 16:18:00,13471351.837990103
2016-01-01 16:19:00,13301465.946508726
2016-01-01 16:20:00,13525202.721894367
2016-01-01 16:21:00,13708798.814259624
2016-01-01 16:22:00,13969814.780242907
2016-01-01 16:23:00,14035952.689538632
2016-01-01 16:24:00,14256219.711182827
2016-01-01 16:25:00,14315442.007841147
2016-01-01 16:26:00,14095924.919138134
2016-01-01 16:27:00,14330931.691562539
2016-01-01 16:28:00,14192797.612880254
2016-01-01 16:29:00,14363233.830773193
2016-01-01 16:30:00,14450880.693918163
2016-01-01 16:31:00,14311811.127566885
2016-01-01 16:32:00,14308985.345180599
2016-01-01 16:33:00,14230300.616983712
2016-01-01 16:34:00,14680278.079835985
2016-01-01 16:35:00,14553334.98536927
2016-01-01 16:36:00,15001003.825112134
2016-01-01 16:37:00,15009530.066242427
2016-01-01 16:38:00,15637087.893545192
2016-01-01 16:39:00,15808043.159345742
2016-01-01 16:40:00,15616862.198457709
2016-01-01 16:41:00,15775741.879726179
2016-01-01 16:42:00,15774912.025001844
2016-01-01 16:43:00,15823149.631735528
2016-01-01 16:44:00,15356171.805076277
2016-01-01 16:45:00,15271962.374679932
2016-01-01 16:46:00,15058488.12930934
2016-01-01 16:47:00,15010863.238726063
2016-01-01 16:48:00,15255815.949187947
2016-01-01 16:49:00,14997388.354718702
2016-01-01 16:50:00,15170968.091308242
2016-01-01 16:51:00,15325773.715165323
2016-01-01 16:52:00,15352911.909268137
2016-01-01 16:53:00,15368521.422685679
2016-01-01 16:54:00,15341684.373748753
2016-01-01 16:55:00,15536700.578762714
2016-01-01 16:56:00,15449302.92266053
2016-01-01 16:57:00,15460484.161006691
2016-01-01 16:58:00,15442284.33846822
2016-01-01 16:59:00,15306494.272304647
2016-01-01 17:00:00,15642807.164900176
2016-01-01 17:01:00,15670315.373348141
2016-01-01 17:02:00,15930743.553733433
2016-01-01 17:03:00,15744812.095201405
2016-01-01 17:04:00,15601860.649170043
2016-01-01 17:05:00,15524161.827583926
2016-01-01 17:06:00,15330853.712008301
2016-01-01 17:07:00,14711336.320373194
2016-01-01 17:08:00,14310165.712744286
2016-01-01 17:09:00,14306270.77263788
2016-01-01 17:10:00,14227762.958732376
2016-01-01 17:11:00,14735940.85735678
2016-01-01 17:12:00,14602129.857403614
2016-01-01 17:13:00,14695020.702535635
2016-01-01 17:14:00,14750023.371868255
2016-01-01 17:15:00,14444510.852722736
2016-01-01 17:16:00,14583917.023297723
2016-01-01 17:17:00,14679835.820500912
2016-01-01 17:18:00,14817014.811068691
2016-01-01 17:19:00,14795472.928029696
2016-01-01 17:20:00,14878793.320510363
2016-01-01 17:21:00,14686074.322067725
2016-01-01 17:22:00,14593105.971058186
2016-01-01 17:23:00,14538274.334828772
2016-01-01 17:24:00,14937806.380498664
2016-01-01 17:25:00,14988524.98261941
2016-01-01 17:26:00,15019200.19701809
2016-01-01 17:27:00,15017548.064694181
2016-01-01 17:28:00,15042097.815296492
2016-01-01 17:29:00,15078205.15418616
2016-01-01 17:30:00,14881810.876852475
2016-01-01 17:31:00,14780963.547739519
2016-01-01 17:32:00,14799992.581674876
2016-01-01 17:33:00,15054010.881270088
2016-01-01 17:34:00,15105472.714777267
2016-01-01 17:35:00,15355341.19975935
2016-01-01 17:36:00,15598541.883044794
2016-01-01 17:37:00,15437321.039024089
2016-01-01 17:38:00,15266158.929705208
2016-01-01 17:39:00,14960111.091373743
2016-01-01 17:40:00,15166402.53651041
2016-01-01 17:41:00,15205381.28618255
2016-01-01 17:42:00,15124633.200850591
2016-01-01 17:43:00,15195282.090833142
2016-01-01 17:44:00,15462649.811366465
2016-01-01 17:45:00,15277824.87657869
2016-01-01 17:46:00,15309631.796111118
2016-01-01 17:47:00,15269052.50199844
2016-01-01 17:48:00,15095615.258773698
2016-01-01 17:49:00,15156804.712521497
2016-01-01 17:50:00,14970535.913421158
2016-01-01 17:51:00,15032869.979618732
2016-01-01 17:52:00,15248360.522175126
2016-01-01 17:53:00,15548327.229097463
2016-01-01 17:54:00,15025178.16128489
2016-01-01 17:55:00,15053220.496844932
2016-01-01 17:56:00,14918214.344168318
2016-01-01 17:57:00,14679821.73126933
2016-01-01 17:58:00,14565750.689848743
2016-01-01 17:59:00,14337951.373017732
2016-01-01 18:00:00,14496103.824928625
2016-01-01 18:01:00,14590928.174962195
2016-01-01 18:02:00,14690219.93199103
2016-01-01 18:03:00,14353962.628975831
2016-01-01 18:04:00,14073226.890662933
2016-01-01 18:05:00,14172686.069159541
2016-01-01 18:06:00,14419414.52178763
2016-01-01 18:07:00,14132479.821056314
2016-01-01 18:08:00,14053734.433075571
2016-01-01 18:09:00,13977211.484178334
2016-01-01 18:10:00,13837070.358783958
2016-01-01 18:11:00,13388802.367327575
2016-01-01 18:12:00,13458974.688948428
2016-01-01 18:13:00,13452963.77547367
2016-01-01 18:14:00,13510975.445170335
2016-01-01 18:15:00,13285993.355251405
2016-01-01 18:16:00,13273608.305386154
2016-01-01 18:17:00,12569099.494450213
2016-01-01 18:18:00,12722170.65354387
2016-01-01 18:19:00,13060551.655352814
2016-01-01 18:20:00,13016631.070122082
2016-01-01 18:21:00,13532044.183963748
2016-01-01 18:22:00,13256890.49988586
2016-01-01 18:23:00,13050284.204307532
2016-01-01 18:24:00,13078348.837615874
2016-01-01 18:25:00,13170217.51114818
2016-01-01 18:26:00,13160108.94774379
2016-01-01 18:27:00,12965250.356200961
2016-01-01 18:28:00,12911437.849467155
2016-01-01 18:29:00,12940214.95834934
2016-01-01 18:30:00,12817470.763884798
2016-01-01 18:31:00,12835598.559399309
2016-01-01 18:32:00,12959681.35472359
2016-01-01 18:33:00,13048093.825571904
2016-01-01 18:34:00,13525205.117060274
2016-01-01 18:35:00,13559502.555348972
2016-01-01 18:36:00,13673064.5235892
2016-01-01 18:37:00,13531063.998088596
2016-01-01 18:38:00,13488125.190513479
2016-01-01 18:39:00,13926604.159149958
2016-01-01 18:40:00,13805025.072571982
2016-01-01 18:41:00,13466546.108715523
2016-01-01 18:42:00,13341899.970196709
2016-01-01 18:43:00,13486608.367891164
2016-01-01 18:44:00,13071056.408306433
2016-01-01 18:45:00,13581905.842456475
2016-01-01 18:46:00,13631102.678565796
2016-01-01 18:47:00,13235130.04332924
2016-01-01 18:48:00,13308826.562534183
2016-01-01 18:49:00,13108219.508199457
2016-01-01 18:50:00,13592481.574525507
2016-01-01 18:51:00,13558314.288713794
2016-01-01 18:52:00,13758010.278861335
2016-01-01 18:53:00,13590028.59451586
2016-01-01 18:54:00,13347290.76925337
2016-01-01 18:55:00,13104765.776815422
2016-01-01 18:56:00,12701617.05913621
2016-01-01 18:57:00,12552631.509305729
2016-01-01 18:58:00,12421866.104223112
2016-01-01 18:59:00,12676457.96471233
2016-01-01 19:00:00,12426663.591525538
2016-01-01 19:01:00,12365689.678301217
2016-01-01 19:02:00,12428782.710512828
2016-01-01 19:03:00,12660966.291960271
2016-01-01 19:04:00,12973977.160421193
2016-01-01 19:05:00,12863559.675110945
2016-01-01 19:06:00,13092088.570591446
2016-01-01 19:07:00,13272496.835129056
2016-01-01 19:08:00,13440634.518708933
2016-01-01 19:09:00,13406720.712173348
2016-01-01 19:10:00,13113427.19106267
2016-01-01 19:11:00,13060408.922506453
2016-01-01 19:12:00,12859031.81738741
2016-01-01 19:13:00,12396322.973031003
2016-01-01 19:14:00,11886115.150031896
2016-01-01 19:15:00,11519921.916048028
2016-01-01 19:16:00,11841473.499709979
2016-01-01 19:17:00,11755719.289656296
2016-01-01 19:18:00,11634696.855787382
2016-01-01 19:19:00,11632266.763520045
2016-01-01 19:20:00,11496597.598781934
2016-01-01 19:21:00,10996397.005550737
2016-01-01 19:22:00,10810946.55626886
2016-01-01 19:23:00,10481808.74525419
2016-01-01 19:24:00,10217115.151831863
2016-01-01 19:25:00,10169011.649328712
2016-01-01 19:26:00,10069211.076742407
2016-01-01 19:27:00,10047859.48612506
2016-01-01 19:28:00,9750192.632036582
2016-01-01 19:29:00,9832496.688748296
2016-01-01 19:30:00,10151804.16767618
2016-01-01 19:31:00,10113126.554083928
2016-01-01 19:32:00,10494574.123090507
2016-01-01 19:33:00,10280890.667776689
2016-01-01 19:34:00,10337292.357855294
2016-01-01 19:35:00,10064487.32872682
2016-01-01 19:36:00,10094328.708879542
2016-01-01 19:37:00,9843043.79418657
2016-01-01 19:38:00,9643574.23682233
2016-01-01 19:39:00,9763686.158337034
2016-01-01 19:40:00,9598762.895891422
2016-01-01 19:41:00,9534332.038973453
2016-01-01 19:42:00,9402388.387918122
2016-01-01 19:43:00,9264676.253017375
2016-01-01 19:44:00,9282737.507642591
2016-01-01 19:45:00,9198461.944695886
2016-01-01 19:46:00,9371670.208216237
2016-01-01 19:47:00,9362177.51630958
2016-01-01 19:48:00,9213672.669117233
2016-01-01 19:49:00,9219138.28552779
2016-01-01 19:50:00,9182386.92163446
2016-01-01 19:51:00,9185475.903530689
2016-01-01 19:52:00,9304195.124243332
2016-01-01 19:53:00,9183633.337823782
2016-01-01 19:54:00,8915768.765401635
2016-01-01 19:55:00,8610768.18800817
2016-01-01 19:56:00,8612674.152478395
2016-01-01 19:57:00,8334019.28698371
2016-01-01 19:58:00,8377137.658106996
2016-01-01 19:59:00,8399371.834384952
2016-01-01 20:00:00,8271065.106489434
2016-01-01 20:01:00,8295931.523802747
2016-01-01 20:02:00,8082701.385705765
2016-01-01 20:03:00,8006116.9472759105
2016-01-01 20:04:00,7767910.131132816
2016-01-01 20:05:00,7493382.792940409
2016-01-01 20:06:00,7221536.24653362
2016-01-01 20:07:00,7107131.900169529
2016-01-01 20:08:00,7026697.561908548
2016-01-01 20:09:00,7007044.818882759
2016-01-01 20:10:00,6639710.924564246
2016-01-01 20:11:00,6683766.126494268
2016-01-01 20:12:00,6432181.741741347
2016-01-01 20:13:00,6457600.068012697
2016-01-01 20:14:00,6416474.422456801
2016-01-01 20:15:00,6218324.169105204
2016-01-01 20:16:00,6267301.746559564
2016-01-01 20:17:00,6019121.855697507
2016-01-01 20:18:00,5801164.756255871
2016-01-01 20:19:00,5564446.897352764
2016-01-01 20:20:00,5364213.703144666
2016-01-01 20:21:00,5277611.531273129
2016-01-01 20:22:00,5249919.643151346
2016-01-01 20:23:00,5222713.458564844
2016-01-01 20:24:00,5204887.990094724
2016-01-01 20:25:00,5127420.796122688
2016-01-01 20:26:00,5017970.111504023
2016-01-01 20:27:00,4942565.087021691
2016-01-01 20:28:00,4883937.898374768
2016-01-01 20:29:00,4815069.24244568
2016-01-01 20:30:00,4851984.542958438
2016-01-01 20:31:00,4796125.57933225
2016-01-01 20:32:00,4555766.672001494
2016-01-01 20:33:00,4342074.908235664
2016-01-01 20:34:00,4305105.7279081
2016-01-01 20:35:00,4478586.088863468
2016-01-01 20:36:00,4156577.179573806
2016-01-01 20:37:00,3960332.405043411
2016-01-01 20:38:00,4086685.21877333
2016-01-01 20:39:00,4158365.922113629
2016-01-01 20:40:00,4279716.994585221
2016-01-01 20:41:00,4092127.9343098127
2016-01-01 20:42:00,3811845.2911838307
2016-01-01 20:43:00,3735456.7465381785
2016-01-01 20:44:00,3716213.1040342525
2016-01-01 20:45:00,3800499.497729571
2016-01-01 20:46:00,3798007.6011595144
2016-01-01 20:47:00,3824030.4643432964
2016-01-01 20:48:00,4091221.7640395127
2016-01-01 20:49:00,4084523.4762250544
2016-01-01 20:50:00,4057245.051550572
2016-01-01 20:51:00,3920457.995495129
2016-01-01 20:52:00,4072973.3260810142
2016-01-01 20:53:00,3964049.7490187483
2016-01-01 20:54:00,4154326.3887580074
2016-01-01 20:55:00,4028583.5837190244
2016-01-01 20:56:00,3783563.180702925
2016-01-01 20:57:00,3789120.438555339
2016-01-01 20:58:00,3955859.509735285
2016-01-01 20:59:00,3823060.7806595536
2016-01-01 21:00:00,3977257.480159178
2016-01-01 21:01:00,4069573.7731647496
2016-01-01 21:02:00,3963526.976743182
2016-01-01 21:03:00,4031487.38511002
2016-01-01 21:04:00,3871148.161455516
2016-01-01 21:05:00,3692759.895959026
2016-01-01 21:06:00,3487293.5032287957
2016-01-01 21:07:00,3448965.833948836
2016-01-01 21:08:00,3379270.64141624
2016-01-01 21:09:00,3252427.951298082
2016-01-01 21:10:00,3174098.7469497523
2016-01-01 21:11:00,2888795.1279079122
2016-01-01 21:12:00,2843499.500932087
2016-01-01 21:13:00,2704449.24142105
2016-01-01 21:14:00,2415077.6816508924
2016-01-01 21:15:00,2674798.0423463723
2016-01-01 21:16:00,2447270.9608914843
2016-01-01 21:17:00,2557921.1015020474
2016-01-01 21:18:00,2579675.072008492
2016-01-01 21:19:00,2803782.1988864085
2016-01-01 21:20:00,2809659.8384861266
2016-01-01 21:21:00,2886655.2173071285
2016-01-01 21:22:00,3234720.599611861
2016-01-01 21:23:00,3283991.4783453
2016-01-01 21:24:00,3051443.8573185047
2016-01-01 21:25:00,3138932.6456203004
2016-01-01 21:26:00,3129875.9554390074
2016-01-01 21:27:00,3296196.9778207345
2016-01-01 21:28:00,3846253.886042393
2016-01-01 21:29:00,3767121.8310031015
2016-01-01 21:30:00,3935488.5224658316
2016-01-01 21:31:00,4021276.6709229173
2016-01-01 21:32:00,4260082.692951059
2016-01-01 21:33:00,4463681.3074191455
2016-01-01 21:34:00,4645294.723361633
2016-01-01 21:35:00,5227526.24898923
2016-01-01 21:36:00,5230760.566305338
2016-01-01 21:37:00,5076145.516372088
2016-01-01 21:38:00,5239114.961574855
2016-01-01 21:39:00,5404402.30264249
2016-01-01 21:40:00,5524249.4877603585
2016-01-01 21:41:00,5398613.604373143
2016-01-01 21:42:00,5268043.687169117
2016-01-01 21:43:00,5257415.872644127
2016-01-01 21:44:00,5518483.445523802
2016-01-01 21:45:00,5317716.363779308
2016-01-01 21:46:00,5128991.856220875
2016-01-01 21:47:00,5019215.905150167
2016-01-01 21:48:00,5333249.261250059
2016-01-01 21:49:00,5197695.634563309
2016-01-01 21:50:00,5042696.810771625
2016-01-01 21:51:00,4914781.1820979165
2016-01-01 21:52:00,5081052.725203179
2016-01-01 21:53:00,5158246.137276918
2016-01-01 21:54:00,4896593.463992855
2016-01-01 21:55:00,4744898.100782672
2016-01-01 21:56:00,4799497.374918233
2016-01-01 21:57:00,4589192.229824521
2016-01-01 21:58:00,4757194.055769522
2016-01-01 21:59:00,4643206.960301228
2016-01-01 22:00:00,4725646.546573143
2016-01-01 22:01:00,5001583.591480513
2016-01-01 22:02:00,4807065.924966596
2016-01-01 22:03:00,5230373.5824566735
2016-01-01 22:04:00,5194310.298653075
2016-01-01 22:05:00,5144788.206435305
2016-01-01 22:06:00,4927897.583235619
2016-01-01 22:07:00,4855108.134775364
2016-01-01 22:08:00,5261093.802285979
2016-01-01 22:09:00,5374801.04378244
2016-01-01 22:10:00,6039420.086867105
2016-01-01 22:11:00,6113142.476357491
2016-01-01 22:12:00,5678088.863722999
2016-01-01 22:13:00,5864011.164963157
2016-01-01 22:14:00,5617981.478632604
2016-01-01 22:15:00,5513520.455615467
2016-01-01 22:16:00,5244602.923989743
2016-01-01 22:17:00,5237591.964454737
2016-01-01 22:18:00,5369887.870613668
2016-01-01 22:19:00,5139092.243087687
2016-01-01 22:20:00,5034136.072002869
2016-01-01 22:21:00,4791258.484589485
2016-01-01 22:22:00,4994546.645412381
2016-01-01 22:23:00,5100321.006102166
2016-01-01 22:24:00,4944265.220990924
2016-01-01 22:25:00,4930422.9767051
2016-01-01 22:26:00,5140814.748679991
2016-01-01 22:27:00,5102205.107072978
2016-01-01 22:28:00,5011769.715134695
2016-01-01 22:29:00,5426526.020426979
2016-01-01 22:30:00,5109712.387480158
2016-01-01 22:31:00,5141239.261416351
2016-01-01 22:32:00,5261192.367311791
2016-01-01 22:33:00,5247304.731537301
2016-01-01 22:34:00,5692213.128576571
2016-01-01 22:35:00,5947218.910298617
2016-01-01 22:36:00,5560939.848338647
2016-01-01 22:37:00,5738237.790826864
2016-01-01 22:38:00,5421816.928547204
2016-01-01 22:39:00,5176103.751674574
2016-01-01 22:40:00,5275521.388905658
2016-01-01 22:41:00,5112406.087613017
2016-01-01 22:42:00,5314623.401404887
2016-01-01 22:43:00,4714485.70662084
2016-01-01 22:44:00,4975372.38941857
2016-01-01 22:45:00,4865770.874691859
2016-01-01 22:46:00,5035360.094177472
2016-01-01 22:47:00,5332452.764414984
2016-01-01 22:48:00,4970275.290639869
2016-01-01 22:49:00,5035623.184964439
2016-01-01 22:50:00,4963053.986946319
2016-01-01 22:51:00,4976602.481798772
2016-01-01 22:52:00,4576109.610123448
2016-01-01 22:53:00,4526218.535797096
2016-01-01 22:54:00,4610332.992190192
2016-01-01 22:55:00,4668318.458633565
2016-01-01 22:56:00,4510733.784568193
2016-01-01 22:57:00,4109012.467551476
2016-01-01 22:58:00,4133532.77975151
2016-01-01 22:59:00,4299839.448285265
2016-01-01 23:00:00,4317220.166787487
2016-01-01 23:01:00,4442381.414381648
2016-01-01 23:02:00,4231346.143381597
2016-01-01 23:03:00,4125431.6996701155
2016-01-01 23:04:00,4088119.2400184614
2016-01-01 23:05:00,4228869.434607212
2016-01-01 23:06:00,4367451.797683487
2016-01-01 23:07:00,4430151.11912916
2016-01-01 23:08:00,4704698.450823327
2016-01-01 23:09:00,4390134.2706456175
2016-01-01 23:10:00,4350749.489437781
2016-01-01 23:11:00,4361654.059204997
2016-01-01 23:12:00,4666362.404840127
2016-01-01 23:13:00,4984328.6309783785
2016-01-01 23:14:00,4819716.803781644
2016-01-01 23:15:00,4885380.286798126
2016-01-01 23:16:00,4460634.280414823
2016-01-01 23:17:00,4977857.398228478
2016-01-01 23:18:00,4837379.678610525
2016-01-01 23:19:00,5033824.243466224
2016-01-01 23:20:00,5203566.4637964945
2016-01-01 23:21:00,5225240.542807306
2016-01-01 23:22:00,5165625.597859439
2016-01-01 23:23:00,4848732.858096699
2016-01-01 23:24:00,4814115.685519077
2016-01-01 23:25:00,5100680.487719013
2016-01-01 23:26:00,5391373.345178733
2016-01-01 23:27:00,5305652.438273375
2016-01-01 23:28:00,5073097.963151619
2016-01-01 23:29:00,4753751.6967339525
2016-01-01 23:30:00,4667647.725420756
2016-01-01 23:31:00,4714771.682135293
2016-01-01 23:32:00,4621310.100607002
2016-01-01 23:33:00,4261777.3891139
2016-01-01 23:34:00,4511460.493663315
2016-01-01 23:35:00,4243406.611460517
2016-01-01 23:36:00,4010968.789761147
2016-01-01 23:37:00,3928148.5836289437
2016-01-01 23:38:00,3861023.7405972653
2016-01-01 23:39:00,3776687.503754964
2016-01-01 23:40:00,3585496.8423520993
2016-01-01 23:41:00,3553063.1022673612
2016-01-01 23:42:00,3443900.9170841454
2016-01-01 23:43:00,3247575.4970127773
2016-01-01 23:44:00,3215256.9977768073
2016-01-01 23:45:00,3162338.063200867
2016-01-01 23:46:00,3046229.673481103
2016-01-01 23:47:00,2994515.4318530993
2016-01-01 23:48:00,2773723.207098648
2016-01-01 23:49:00,2610599.277143189
2016-01-01 23:50:00,2380716.579282317
2016-01-01 23:51:00,2444925.1971631204
2016-01-01 23:52:00,1999378.8707017237
2016-01-01 23:53:00,2023324.83264212
2016-01-01 23:54:00,1961447.126817117
2016-01-01 23:55:00,2011391.016803274
2016-01-01 23:56:00,2248621.084207414
2016-01-01 23:57:00,2151652.7933611833
2016-01-01 23:58:00,2138136.332126449
2016-01-01 23:59:00,2187810.239262244
