0,Usage
2016-01-01 00:00:00,22.045999999999736
2016-01-01 00:01:00,42.070999999999515
2016-01-01 00:02:00,72.09499999999963
2016-01-01 00:03:00,92.11800000000004
2016-01-01 00:04:00,102.15299999999999
2016-01-01 00:05:00,142.18100000000052
2016-01-01 00:06:00,162.20600000000056
2016-01-01 00:07:00,172.22700000000057
2016-01-01 00:08:00,202.25000000000045
2016-01-01 00:09:00,252.2730000000004
2016-01-01 00:10:00,272.29900000000123
2016-01-01 00:11:00,302.3220000000022
2016-01-01 00:12:00,302.34899999999993
2016-01-01 00:13:00,302.3890000000001
2016-01-01 00:14:00,342.4150000000027
2016-01-01 00:15:00,322.45200000000307
2016-01-01 00:16:00,312.48200000000213
2016-01-01 00:17:00,302.5140000000019
2016-01-01 00:18:00,342.5350000000021
2016-01-01 00:19:00,312.57500000000243
2016-01-01 00:20:00,342.6170000000028
2016-01-01 00:21:00,332.6440000000021
2016-01-01 00:22:00,342.68300000000136
2016-01-01 00:23:00,322.7060000000017
2016-01-01 00:24:00,352.73400000000277
2016-01-01 00:25:00,362.7580000000032
2016-01-01 00:26:00,402.79500000000377
2016-01-01 00:27:00,402.81800000000396
2016-01-01 00:28:00,442.8460000000039
2016-01-01 00:29:00,412.8790000000039
2016-01-01 00:30:00,432.90400000000443
2016-01-01 00:31:00,452.93100000000584
2016-01-01 00:32:00,452.95100000000525
2016-01-01 00:33:00,472.98300000000495
2016-01-01 00:34:00,443.01100000000565
2016-01-01 00:35:00,443.037000000005
2016-01-01 00:36:00,463.0640000000058
2016-01-01 00:37:00,503.08400000000506
2016-01-01 00:38:00,523.1080000000051
2016-01-01 00:39:00,563.1380000000051
2016-01-01 00:40:00,573.1700000000061
2016-01-01 00:41:00,583.1970000000064
2016-01-01 00:42:00,563.2170000000068
2016-01-01 00:43:00,583.2480000000073
2016-01-01 00:44:00,643.270000000006
2016-01-01 00:45:00,623.3060000000082
2016-01-01 00:46:00,593.3310000000082
2016-01-01 00:47:00,583.3620000000082
2016-01-01 00:48:00,543.3870000000074
2016-01-01 00:49:00,563.4100000000067
2016-01-01 00:50:00,583.4450000000063
2016-01-01 00:51:00,583.472000000006
2016-01-01 00:52:00,613.496000000005
2016-01-01 00:53:00,643.5130000000042
2016-01-01 00:54:00,613.5390000000046
2016-01-01 00:55:00,633.5670000000054
2016-01-01 00:56:00,633.590000000005
2016-01-01 00:57:00,623.619000000006
2016-01-01 00:58:00,623.6440000000068
2016-01-01 00:59:00,653.6630000000029
2016-01-01 01:00:00,623.6930000000027
2016-01-01 01:01:00,583.7330000000029
2016-01-01 01:02:00,623.761000000003
2016-01-01 01:03:00,663.779000000005
2016-01-01 01:04:00,663.8190000000053
2016-01-01 01:05:00,673.8390000000048
2016-01-01 01:06:00,703.862000000002
2016-01-01 01:07:00,713.8890000000034
2016-01-01 01:08:00,713.9120000000038
2016-01-01 01:09:00,753.933000000005
2016-01-01 01:10:00,713.9610000000062
2016-01-01 01:11:00,723.976000000009
2016-01-01 01:12:00,763.9720000000027
2016-01-01 01:13:00,763.9720000000094
2016-01-01 01:14:00,753.9730000000079
2016-01-01 01:15:00,803.9680000000039
2016-01-01 01:16:00,813.9670000000085
2016-01-01 01:17:00,763.9720000000096
2016-01-01 01:18:00,723.9760000000084
2016-01-01 01:19:00,733.9750000000085
2016-01-01 01:20:00,723.9760000000081
2016-01-01 01:21:00,703.9780000000073
2016-01-01 01:22:00,683.9800000000076
2016-01-01 01:23:00,643.9840000000063
2016-01-01 01:24:00,623.9860000000057
2016-01-01 01:25:00,543.9940000000046
2016-01-01 01:26:00,533.9950000000049
2016-01-01 01:27:00,563.9920000000054
2016-01-01 01:28:00,523.9960000000067
2016-01-01 01:29:00,543.9940000000062
2016-01-01 01:30:00,543.9940000000057
2016-01-01 01:31:00,513.997000000006
2016-01-01 01:32:00,543.9940000000068
2016-01-01 01:33:00,533.9950000000072
2016-01-01 01:34:00,573.9910000000084
2016-01-01 01:35:00,563.9920000000079
2016-01-01 01:36:00,613.9870000000086
2016-01-01 01:37:00,603.9880000000079
2016-01-01 01:38:00,593.9890000000076
2016-01-01 01:39:00,623.9860000000073
2016-01-01 01:40:00,623.9860000000075
2016-01-01 01:41:00,633.985000000008
2016-01-01 01:42:00,653.9830000000081
2016-01-01 01:43:00,693.9790000000089
2016-01-01 01:44:00,763.9720000000008
2016-01-01 01:45:00,793.9689999999961
2016-01-01 01:46:00,823.9659999999939
2016-01-01 01:47:00,783.9699999999984
2016-01-01 01:48:00,803.967999999999
2016-01-01 01:49:00,803.9680000000077
2016-01-01 01:50:00,843.96400000001
2016-01-01 01:51:00,823.9660000000118
2016-01-01 01:52:00,753.973000000012
2016-01-01 01:53:00,693.9790000000104
2016-01-01 01:54:00,723.9760000000103
2016-01-01 01:55:00,683.9800000000095
2016-01-01 01:56:00,603.9880000000088
2016-01-01 01:57:00,603.9880000000082
2016-01-01 01:58:00,633.9850000000074
2016-01-01 01:59:00,673.9810000000093
2016-01-01 02:00:00,703.9780000000081
2016-01-01 02:01:00,753.9730000000086
2016-01-01 02:02:00,743.9740000000078
2016-01-01 02:03:00,783.9700000000089
2016-01-01 02:04:00,773.9710000000083
2016-01-01 02:05:00,773.9710000000096
2016-01-01 02:06:00,763.9720000000087
2016-01-01 02:07:00,743.9740000000073
2016-01-01 02:08:00,663.9820000000072
2016-01-01 02:09:00,673.9810000000059
2016-01-01 02:10:00,683.9800000000062
2016-01-01 02:11:00,703.9780000000053
2016-01-01 02:12:00,693.9790000000073
2016-01-01 02:13:00,703.9780000000072
2016-01-01 02:14:00,723.97600000001
2016-01-01 02:15:00,713.9770000000103
2016-01-01 02:16:00,683.9800000000095
2016-01-01 02:17:00,703.978000000008
2016-01-01 02:18:00,723.9760000000101
2016-01-01 02:19:00,733.9750000000092
2016-01-01 02:20:00,733.9750000000105
2016-01-01 02:21:00,723.9760000000083
2016-01-01 02:22:00,753.9730000000095
2016-01-01 02:23:00,723.9760000000088
2016-01-01 02:24:00,653.9830000000081
2016-01-01 02:25:00,623.9860000000085
2016-01-01 02:26:00,603.9880000000077
2016-01-01 02:27:00,633.9850000000079
2016-01-01 02:28:00,633.9850000000097
2016-01-01 02:29:00,713.9770000000098
2016-01-01 02:30:00,683.9800000000092
2016-01-01 02:31:00,653.9830000000098
2016-01-01 02:32:00,673.9810000000095
2016-01-01 02:33:00,693.9790000000097
2016-01-01 02:34:00,703.9780000000105
2016-01-01 02:35:00,703.9780000000101
2016-01-01 02:36:00,723.9760000000089
2016-01-01 02:37:00,753.9730000000035
2016-01-01 02:38:00,703.9780000000085
2016-01-01 02:39:00,693.9790000000033
2016-01-01 02:40:00,613.9870000000086
2016-01-01 02:41:00,643.9840000000019
2016-01-01 02:42:00,643.9839999999967
2016-01-01 02:43:00,633.985000000003
2016-01-01 02:44:00,663.9820000000014
2016-01-01 02:45:00,623.9860000000085
2016-01-01 02:46:00,563.9920000000084
2016-01-01 02:47:00,593.9890000000067
2016-01-01 02:48:00,573.9910000000086
2016-01-01 02:49:00,583.9900000000086
2016-01-01 02:50:00,603.9880000000094
2016-01-01 02:51:00,643.9840000000097
2016-01-01 02:52:00,713.9770000000101
2016-01-01 02:53:00,763.9720000000096
2016-01-01 02:54:00,763.97200000001
2016-01-01 02:55:00,703.9780000000085
2016-01-01 02:56:00,733.9750000000063
2016-01-01 02:57:00,713.977000000006
2016-01-01 02:58:00,713.977000000006
2016-01-01 02:59:00,703.9780000000076
2016-01-01 03:00:00,673.9810000000076
2016-01-01 03:01:00,663.9820000000069
2016-01-01 03:02:00,623.9860000000077
2016-01-01 03:03:00,603.9880000000068
2016-01-01 03:04:00,613.9870000000072
2016-01-01 03:05:00,593.9890000000065
2016-01-01 03:06:00,603.9880000000069
2016-01-01 03:07:00,583.9900000000076
2016-01-01 03:08:00,623.9860000000094
2016-01-01 03:09:00,633.9850000000094
2016-01-01 03:10:00,593.9890000000081
2016-01-01 03:11:00,603.9880000000078
2016-01-01 03:12:00,643.9840000000083
2016-01-01 03:13:00,603.988000000009
2016-01-01 03:14:00,603.9880000000088
2016-01-01 03:15:00,673.9810000000086
2016-01-01 03:16:00,643.9840000000095
2016-01-01 03:17:00,713.9770000000095
2016-01-01 03:18:00,733.9750000000057
2016-01-01 03:19:00,743.974000000005
2016-01-01 03:20:00,793.9690000000049
2016-01-01 03:21:00,813.967000000006
2016-01-01 03:22:00,803.9680000000088
2016-01-01 03:23:00,803.9680000000085
2016-01-01 03:24:00,833.9650000000023
2016-01-01 03:25:00,823.9660000000013
2016-01-01 03:26:00,873.9609999999996
2016-01-01 03:27:00,823.9660000000067
2016-01-01 03:28:00,803.9680000000071
2016-01-01 03:29:00,703.9780000000062
2016-01-01 03:30:00,703.9780000000064
2016-01-01 03:31:00,663.9820000000057
2016-01-01 03:32:00,653.9830000000061
2016-01-01 03:33:00,643.9840000000061
2016-01-01 03:34:00,613.9870000000067
2016-01-01 03:35:00,583.9900000000068
2016-01-01 03:36:00,613.9870000000067
2016-01-01 03:37:00,643.9840000000012
2016-01-01 03:38:00,673.9810000000006
2016-01-01 03:39:00,713.9770000000037
2016-01-01 03:40:00,763.9720000000009
2016-01-01 03:41:00,823.9660000000027
2016-01-01 03:42:00,883.9600000000023
2016-01-01 03:43:00,843.9640000000011
2016-01-01 03:44:00,853.962999999998
2016-01-01 03:45:00,813.9670000000079
2016-01-01 03:46:00,793.9690000000077
2016-01-01 03:47:00,773.9710000000098
2016-01-01 03:48:00,753.9730000000092
2016-01-01 03:49:00,743.9740000000085
2016-01-01 03:50:00,763.9720000000048
2016-01-01 03:51:00,743.9740000000047
2016-01-01 03:52:00,763.9720000000032
2016-01-01 03:53:00,793.969000000005
2016-01-01 03:54:00,853.963000000005
2016-01-01 03:55:00,893.9590000000042
2016-01-01 03:56:00,813.9670000000065
2016-01-01 03:57:00,813.9670000000071
2016-01-01 03:58:00,793.969000000008
2016-01-01 03:59:00,813.9670000000075
2016-01-01 04:00:00,783.9700000000066
2016-01-01 04:01:00,753.9730000000059
2016-01-01 04:02:00,743.9740000000094
2016-01-01 04:03:00,673.9810000000095
2016-01-01 04:04:00,663.9820000000086
2016-01-01 04:05:00,643.9840000000077
2016-01-01 04:06:00,573.9910000000064
2016-01-01 04:07:00,603.9880000000059
2016-01-01 04:08:00,573.9910000000064
2016-01-01 04:09:00,553.9930000000056
2016-01-01 04:10:00,543.9940000000053
2016-01-01 04:11:00,613.9870000000062
2016-01-01 04:12:00,613.9870000000047
2016-01-01 04:13:00,633.9849999999986
2016-01-01 04:14:00,603.9880000000024
2016-01-01 04:15:00,583.9900000000047
2016-01-01 04:16:00,593.989000000005
2016-01-01 04:17:00,633.9850000000062
2016-01-01 04:18:00,643.9840000000049
2016-01-01 04:19:00,633.9850000000058
2016-01-01 04:20:00,663.9820000000005
2016-01-01 04:21:00,633.9850000000065
2016-01-01 04:22:00,633.985000000009
2016-01-01 04:23:00,623.9860000000089
2016-01-01 04:24:00,623.9860000000084
2016-01-01 04:25:00,643.9840000000092
2016-01-01 04:26:00,593.9890000000065
2016-01-01 04:27:00,573.9910000000069
2016-01-01 04:28:00,503.9980000000086
2016-01-01 04:29:00,513.997000000006
2016-01-01 04:30:00,464.0020000000063
2016-01-01 04:31:00,424.0060000000066
2016-01-01 04:32:00,503.99800000000664
2016-01-01 04:33:00,513.9970000000046
2016-01-01 04:34:00,523.9960000000074
2016-01-01 04:35:00,523.9960000000073
2016-01-01 04:36:00,503.99800000000727
2016-01-01 04:37:00,493.999000000007
2016-01-01 04:38:00,533.9950000000089
2016-01-01 04:39:00,533.9950000000089
2016-01-01 04:40:00,533.9950000000096
2016-01-01 04:41:00,533.9950000000094
2016-01-01 04:42:00,523.9960000000092
2016-01-01 04:43:00,513.9970000000088
2016-01-01 04:44:00,513.9970000000081
2016-01-01 04:45:00,553.9930000000065
2016-01-01 04:46:00,583.990000000007
2016-01-01 04:47:00,613.9870000000063
2016-01-01 04:48:00,553.9700000000065
2016-01-01 04:49:00,563.9460000000072
2016-01-01 04:50:00,643.9060000000088
2016-01-01 04:51:00,683.8710000000085
2016-01-01 04:52:00,653.8410000000082
2016-01-01 04:53:00,593.8200000000087
2016-01-01 04:54:00,573.7950000000076
2016-01-01 04:55:00,633.7590000000077
2016-01-01 04:56:00,573.7360000000067
2016-01-01 04:57:00,573.7050000000081
2016-01-01 04:58:00,603.6700000000084
2016-01-01 04:59:00,583.6520000000078
2016-01-01 05:00:00,593.632000000008
2016-01-01 05:01:00,583.6100000000085
2016-01-01 05:02:00,543.5870000000093
2016-01-01 05:03:00,593.5520000000083
2016-01-01 05:04:00,563.5400000000088
2016-01-01 05:05:00,543.5100000000086
2016-01-01 05:06:00,443.486000000009
2016-01-01 05:07:00,403.46100000000655
2016-01-01 05:08:00,413.43500000000654
2016-01-01 05:09:00,423.39700000000624
2016-01-01 05:10:00,413.3670000000059
2016-01-01 05:11:00,403.33700000000186
2016-01-01 05:12:00,393.31600000000225
2016-01-01 05:13:00,383.2910000000023
2016-01-01 05:14:00,393.25600000000105
2016-01-01 05:15:00,433.2190000000046
2016-01-01 05:16:00,433.19400000000405
2016-01-01 05:17:00,453.1600000000042
2016-01-01 05:18:00,443.1310000000043
2016-01-01 05:19:00,433.11000000000405
2016-01-01 05:20:00,413.0860000000048
2016-01-01 05:21:00,393.05600000000425
2016-01-01 05:22:00,353.0160000000046
2016-01-01 05:23:00,392.98200000000475
2016-01-01 05:24:00,402.95200000000466
2016-01-01 05:25:00,402.92800000000454
2016-01-01 05:26:00,402.9080000000045
2016-01-01 05:27:00,382.88100000000475
2016-01-01 05:28:00,382.84800000000405
2016-01-01 05:29:00,392.8200000000033
2016-01-01 05:30:00,412.7860000000045
2016-01-01 05:31:00,422.75900000000445
2016-01-01 05:32:00,392.7410000000032
2016-01-01 05:33:00,392.7110000000041
2016-01-01 05:34:00,392.6780000000035
2016-01-01 05:35:00,382.6430000000036
2016-01-01 05:36:00,422.6140000000037
2016-01-01 05:37:00,402.59100000000404
2016-01-01 05:38:00,432.5630000000041
2016-01-01 05:39:00,432.54400000000453
2016-01-01 05:40:00,382.52200000000425
2016-01-01 05:41:00,362.49700000000405
2016-01-01 05:42:00,362.5070000000024
2016-01-01 05:43:00,332.5230000000025
2016-01-01 05:44:00,342.53000000000253
2016-01-01 05:45:00,322.5340000000019
2016-01-01 05:46:00,302.55199999999985
2016-01-01 05:47:00,302.55000000000075
2016-01-01 05:48:00,322.54700000000304
2016-01-01 05:49:00,322.55500000000177
2016-01-01 05:50:00,352.56500000000227
2016-01-01 05:51:00,292.5590000000023
2016-01-01 05:52:00,272.5570000000021
2016-01-01 05:53:00,302.5460000000026
2016-01-01 05:54:00,292.5520000000031
2016-01-01 05:55:00,302.55300000000193
2016-01-01 05:56:00,332.56300000000215
2016-01-01 05:57:00,332.5680000000021
2016-01-01 05:58:00,382.56100000000293
2016-01-01 05:59:00,352.56700000000296
2016-01-01 06:00:00,412.5740000000036
2016-01-01 06:01:00,382.57900000000257
2016-01-01 06:02:00,392.5900000000029
2016-01-01 06:03:00,402.60600000000284
2016-01-01 06:04:00,432.60000000000264
2016-01-01 06:05:00,432.61400000000395
2016-01-01 06:06:00,452.62100000000385
2016-01-01 06:07:00,472.62800000000306
2016-01-01 06:08:00,502.63600000000383
2016-01-01 06:09:00,512.6520000000014
2016-01-01 06:10:00,522.6560000000018
2016-01-01 06:11:00,502.660000000004
2016-01-01 06:12:00,522.6540000000043
2016-01-01 06:13:00,572.6290000000056
2016-01-01 06:14:00,572.6350000000056
2016-01-01 06:15:00,582.6360000000055
2016-01-01 06:16:00,592.6400000000053
2016-01-01 06:17:00,582.6550000000061
2016-01-01 06:18:00,592.667000000006
2016-01-01 06:19:00,602.6680000000057
2016-01-01 06:20:00,622.6760000000062
2016-01-01 06:21:00,672.672000000006
2016-01-01 06:22:00,732.6700000000036
2016-01-01 06:23:00,712.6730000000045
2016-01-01 06:24:00,722.6700000000066
2016-01-01 06:25:00,732.6660000000037
2016-01-01 06:26:00,742.6729999999969
2016-01-01 06:27:00,742.6729999999982
2016-01-01 06:28:00,752.6730000000018
2016-01-01 06:29:00,772.6840000000016
2016-01-01 06:30:00,852.6759999999989
2016-01-01 06:31:00,842.6819999999999
2016-01-01 06:32:00,872.6909999999995
2016-01-01 06:33:00,832.705000000007
2016-01-01 06:34:00,832.7120000000051
2016-01-01 06:35:00,852.7170000000066
2016-01-01 06:36:00,862.7130000000061
2016-01-01 06:37:00,902.7120000000065
2016-01-01 06:38:00,932.7180000000067
2016-01-01 06:39:00,952.729000000003
2016-01-01 06:40:00,942.7320000000032
2016-01-01 06:41:00,1002.7290000000021
2016-01-01 06:42:00,1082.7210000000014
2016-01-01 06:43:00,1112.7189999999996
2016-01-01 06:44:00,1092.7220000000004
2016-01-01 06:45:00,1082.7419999999995
2016-01-01 06:46:00,1082.751999999999
2016-01-01 06:47:00,1132.749999999998
2016-01-01 06:48:00,1202.7489999999966
2016-01-01 06:49:00,1192.7489999999966
2016-01-01 06:50:00,1222.7569999999967
2016-01-01 06:51:00,1262.7559999999946
2016-01-01 06:52:00,1282.7659999999928
2016-01-01 06:53:00,1312.7529999999913
2016-01-01 06:54:00,1292.7579999999914
2016-01-01 06:55:00,1302.765999999991
2016-01-01 06:56:00,1322.769999999991
2016-01-01 06:57:00,1342.7679999999914
2016-01-01 06:58:00,1292.7849999999917
2016-01-01 06:59:00,1272.7769999999923
2016-01-01 07:00:00,1242.7829999999924
2016-01-01 07:01:00,1312.7909999999895
2016-01-01 07:02:00,1352.786999999989
2016-01-01 07:03:00,1342.7919999999872
2016-01-01 07:04:00,1432.788999999983
2016-01-01 07:05:00,1402.778999999984
2016-01-01 07:06:00,1422.7859999999832
2016-01-01 07:07:00,1462.7729999999826
2016-01-01 07:08:00,1482.7719999999827
2016-01-01 07:09:00,1432.7909999999863
2016-01-01 07:10:00,1402.7939999999876
2016-01-01 07:11:00,1412.810999999988
2016-01-01 07:12:00,1412.8399999999872
2016-01-01 07:13:00,1382.8739999999868
2016-01-01 07:14:00,1472.8929999999857
2016-01-01 07:15:00,1532.923999999983
2016-01-01 07:16:00,1552.9569999999833
2016-01-01 07:17:00,1592.9879999999828
2016-01-01 07:18:00,1653.0119999999808
2016-01-01 07:19:00,1743.0369999999803
2016-01-01 07:20:00,1763.0679999999772
2016-01-01 07:21:00,1733.100999999978
2016-01-01 07:22:00,1773.126999999978
2016-01-01 07:23:00,1823.1549999999756
2016-01-01 07:24:00,1803.1889999999744
2016-01-01 07:25:00,1813.2199999999746
2016-01-01 07:26:00,1803.2609999999743
2016-01-01 07:27:00,1783.303999999975
2016-01-01 07:28:00,1863.3209999999717
2016-01-01 07:29:00,1883.350999999973
2016-01-01 07:30:00,1893.3759999999709
2016-01-01 07:31:00,1863.4059999999702
2016-01-01 07:32:00,1913.4369999999678
2016-01-01 07:33:00,1953.4639999999674
2016-01-01 07:34:00,1983.4969999999673
2016-01-01 07:35:00,1973.5289999999688
2016-01-01 07:36:00,1993.550999999969
2016-01-01 07:37:00,2153.5699999999647
2016-01-01 07:38:00,2193.597999999964
2016-01-01 07:39:00,2233.623999999961
2016-01-01 07:40:00,2293.647999999961
2016-01-01 07:41:00,2323.6839999999593
2016-01-01 07:42:00,2353.7199999999602
2016-01-01 07:43:00,2363.74599999996
2016-01-01 07:44:00,2363.778999999961
2016-01-01 07:45:00,2343.8109999999606
2016-01-01 07:46:00,2453.837999999958
2016-01-01 07:47:00,2533.863999999957
2016-01-01 07:48:00,2553.886999999957
2016-01-01 07:49:00,2553.9139999999566
2016-01-01 07:50:00,2593.9509999999523
2016-01-01 07:51:00,2593.9939999999533
2016-01-01 07:52:00,2634.0339999999524
2016-01-01 07:53:00,2634.0679999999525
2016-01-01 07:54:00,2664.1029999999523
2016-01-01 07:55:00,2684.1379999999544
2016-01-01 07:56:00,2674.1689999999544
2016-01-01 07:57:00,2724.195999999954
2016-01-01 07:58:00,2894.2079999999523
2016-01-01 07:59:00,2904.2399999999525
2016-01-01 08:00:00,3004.265999999951
2016-01-01 08:01:00,3074.291999999948
2016-01-01 08:02:00,3134.3219999999465
2016-01-01 08:03:00,3144.3559999999457
2016-01-01 08:04:00,3164.3779999999456
2016-01-01 08:05:00,3214.4059999999463
2016-01-01 08:06:00,3184.4429999999456
2016-01-01 08:07:00,3254.463999999945
2016-01-01 08:08:00,3234.4919999999456
2016-01-01 08:09:00,3254.5279999999457
2016-01-01 08:10:00,3254.555999999944
2016-01-01 08:11:00,3224.586999999944
2016-01-01 08:12:00,3264.6209999999437
2016-01-01 08:13:00,3244.653999999944
2016-01-01 08:14:00,3174.6979999999435
2016-01-01 08:15:00,3194.7309999999416
2016-01-01 08:16:00,3214.7569999999414
2016-01-01 08:17:00,3124.800999999941
2016-01-01 08:18:00,3134.7999999999406
2016-01-01 08:19:00,3134.79999999994
2016-01-01 08:20:00,3224.790999999942
2016-01-01 08:21:00,3364.77699999994
2016-01-01 08:22:00,3364.77699999994
2016-01-01 08:23:00,3394.7739999999408
2016-01-01 08:24:00,3384.774999999941
2016-01-01 08:25:00,3374.775999999941
2016-01-01 08:26:00,3404.772999999941
2016-01-01 08:27:00,3494.7639999999415
2016-01-01 08:28:00,3554.7579999999425
2016-01-01 08:29:00,3564.7569999999428
2016-01-01 08:30:00,3604.7529999999424
2016-01-01 08:31:00,3664.7469999999435
2016-01-01 08:32:00,3734.7399999999425
2016-01-01 08:33:00,3744.738999999944
2016-01-01 08:34:00,3824.730999999943
2016-01-01 08:35:00,3774.7359999999426
2016-01-01 08:36:00,3764.736999999943
2016-01-01 08:37:00,3714.741999999943
2016-01-01 08:38:00,3744.7389999999423
2016-01-01 08:39:00,3714.741999999943
2016-01-01 08:40:00,3704.7429999999426
2016-01-01 08:41:00,3674.7459999999446
2016-01-01 08:42:00,3674.7459999999423
2016-01-01 08:43:00,3714.7419999999397
2016-01-01 08:44:00,3734.739999999938
2016-01-01 08:45:00,3814.731999999937
2016-01-01 08:46:00,3774.7359999999367
2016-01-01 08:47:00,3704.7429999999367
2016-01-01 08:48:00,3724.7409999999372
2016-01-01 08:49:00,3754.7379999999353
2016-01-01 08:50:00,3774.7359999999367
2016-01-01 08:51:00,3784.734999999936
2016-01-01 08:52:00,3714.7419999999393
2016-01-01 08:53:00,3714.741999999941
2016-01-01 08:54:00,3724.740999999942
2016-01-01 08:55:00,3754.7379999999407
2016-01-01 08:56:00,3794.7339999999413
2016-01-01 08:57:00,3794.733999999943
2016-01-01 08:58:00,3714.7419999999424
2016-01-01 08:59:00,3714.7419999999424
2016-01-01 09:00:00,3734.7399999999425
2016-01-01 09:01:00,3724.7409999999427
2016-01-01 09:02:00,3754.737999999942
2016-01-01 09:03:00,3794.733999999941
2016-01-01 09:04:00,3804.7329999999383
2016-01-01 09:05:00,3784.734999999938
2016-01-01 09:06:00,3884.7249999999362
2016-01-01 09:07:00,3864.726999999936
2016-01-01 09:08:00,3784.734999999935
2016-01-01 09:09:00,3774.735999999936
2016-01-01 09:10:00,3754.7379999999366
2016-01-01 09:11:00,3654.7479999999377
2016-01-01 09:12:00,3644.7489999999366
2016-01-01 09:13:00,3624.7509999999356
2016-01-01 09:14:00,3594.7539999999376
2016-01-01 09:15:00,3604.7529999999374
2016-01-01 09:16:00,3604.7529999999383
2016-01-01 09:17:00,3674.7459999999382
2016-01-01 09:18:00,3694.743999999938
2016-01-01 09:19:00,3684.7449999999394
2016-01-01 09:20:00,3764.7369999999373
2016-01-01 09:21:00,3734.739999999937
2016-01-01 09:22:00,3674.745999999936
2016-01-01 09:23:00,3674.7459999999323
2016-01-01 09:24:00,3654.747999999933
2016-01-01 09:25:00,3674.7459999999337
2016-01-01 09:26:00,3634.749999999935
2016-01-01 09:27:00,3654.7479999999355
2016-01-01 09:28:00,3674.7459999999373
2016-01-01 09:29:00,3664.7469999999385
2016-01-01 09:30:00,3634.7499999999395
2016-01-01 09:31:00,3614.7519999999386
2016-01-01 09:32:00,3574.7559999999385
2016-01-01 09:33:00,3544.758999999938
2016-01-01 09:34:00,3604.7529999999383
2016-01-01 09:35:00,3614.751999999934
2016-01-01 09:36:00,3614.751999999934
2016-01-01 09:37:00,3614.7519999999354
2016-01-01 09:38:00,3594.7539999999385
2016-01-01 09:39:00,3624.750999999938
2016-01-01 09:40:00,3664.746999999936
2016-01-01 09:41:00,3694.743999999936
2016-01-01 09:42:00,3674.7459999999373
2016-01-01 09:43:00,3624.750999999936
2016-01-01 09:44:00,3694.7439999999356
2016-01-01 09:45:00,3804.7329999999333
2016-01-01 09:46:00,3864.726999999932
2016-01-01 09:47:00,3804.7329999999347
2016-01-01 09:48:00,3874.725999999935
2016-01-01 09:49:00,3894.723999999935
2016-01-01 09:50:00,3804.732999999936
2016-01-01 09:51:00,3844.7289999999352
2016-01-01 09:52:00,3774.7359999999385
2016-01-01 09:53:00,3784.734999999938
2016-01-01 09:54:00,3774.735999999938
2016-01-01 09:55:00,3704.7429999999395
2016-01-01 09:56:00,3764.7369999999382
2016-01-01 09:57:00,3734.739999999939
2016-01-01 09:58:00,3704.7429999999395
2016-01-01 09:59:00,3684.744999999939
2016-01-01 10:00:00,3704.7429999999385
2016-01-01 10:01:00,3804.732999999938
2016-01-01 10:02:00,3804.7329999999356
2016-01-01 10:03:00,3824.7309999999347
2016-01-01 10:04:00,3864.7269999999376
2016-01-01 10:05:00,3914.7219999999347
2016-01-01 10:06:00,3964.7169999999346
2016-01-01 10:07:00,3954.717999999934
2016-01-01 10:08:00,3894.723999999935
2016-01-01 10:09:00,3854.7279999999378
2016-01-01 10:10:00,3904.722999999937
2016-01-01 10:11:00,3834.7299999999364
2016-01-01 10:12:00,3864.7269999999367
2016-01-01 10:13:00,3824.730999999939
2016-01-01 10:14:00,3744.7389999999386
2016-01-01 10:15:00,3744.738999999937
2016-01-01 10:16:00,3754.7379999999343
2016-01-01 10:17:00,3704.742999999933
2016-01-01 10:18:00,3684.744999999936
2016-01-01 10:19:00,3634.749999999938
2016-01-01 10:20:00,3644.748999999935
2016-01-01 10:21:00,3644.7489999999393
2016-01-01 10:22:00,3694.7439999999374
2016-01-01 10:23:00,3664.7469999999375
2016-01-01 10:24:00,3724.7409999999327
2016-01-01 10:25:00,3754.737999999931
2016-01-01 10:26:00,3834.7299999999323
2016-01-01 10:27:00,3864.7269999999326
2016-01-01 10:28:00,3724.7409999999345
2016-01-01 10:29:00,3754.7379999999343
2016-01-01 10:30:00,3704.742999999935
2016-01-01 10:31:00,3704.7429999999367
2016-01-01 10:32:00,3674.745999999937
2016-01-01 10:33:00,3724.7409999999363
2016-01-01 10:34:00,3754.737999999935
2016-01-01 10:35:00,3744.738999999937
2016-01-01 10:36:00,3724.7409999999386
2016-01-01 10:37:00,3684.7449999999394
2016-01-01 10:38:00,3704.742999999937
2016-01-01 10:39:00,3764.736999999937
2016-01-01 10:40:00,3794.733999999936
2016-01-01 10:41:00,3754.7379999999366
2016-01-01 10:42:00,3764.736999999938
2016-01-01 10:43:00,3794.733999999938
2016-01-01 10:44:00,3744.7389999999386
2016-01-01 10:45:00,3774.7359999999376
2016-01-01 10:46:00,3704.7429999999367
2016-01-01 10:47:00,3694.7439999999383
2016-01-01 10:48:00,3614.7519999999386
2016-01-01 10:49:00,3664.7469999999394
2016-01-01 10:50:00,3664.7469999999385
2016-01-01 10:51:00,3734.7399999999398
2016-01-01 10:52:00,3764.73699999994
2016-01-01 10:53:00,3724.74099999994
2016-01-01 10:54:00,3734.7399999999393
2016-01-01 10:55:00,3804.7329999999392
2016-01-01 10:56:00,3834.729999999939
2016-01-01 10:57:00,3814.7319999999395
2016-01-01 10:58:00,3814.731999999938
2016-01-01 10:59:00,3814.731999999937
2016-01-01 11:00:00,3804.7329999999365
2016-01-01 11:01:00,3884.724999999936
2016-01-01 11:02:00,3884.7249999999362
2016-01-01 11:03:00,3874.725999999936
2016-01-01 11:04:00,3844.7289999999352
2016-01-01 11:05:00,3894.7239999999365
2016-01-01 11:06:00,3824.730999999936
2016-01-01 11:07:00,3744.7389999999377
2016-01-01 11:08:00,3744.7389999999386
2016-01-01 11:09:00,3644.7489999999384
2016-01-01 11:10:00,3644.7489999999393
2016-01-01 11:11:00,3674.745999999939
2016-01-01 11:12:00,3654.74799999994
2016-01-01 11:13:00,3804.7329999999383
2016-01-01 11:14:00,3804.732999999937
2016-01-01 11:15:00,3814.731999999937
2016-01-01 11:16:00,3754.7379999999366
2016-01-01 11:17:00,3794.7339999999367
2016-01-01 11:18:00,3834.729999999937
2016-01-01 11:19:00,3814.731999999935
2016-01-01 11:20:00,3774.7359999999358
2016-01-01 11:21:00,3774.7359999999353
2016-01-01 11:22:00,3784.7349999999365
2016-01-01 11:23:00,3754.7379999999366
2016-01-01 11:24:00,3704.7429999999367
2016-01-01 11:25:00,3814.731999999936
2016-01-01 11:26:00,3854.727999999937
2016-01-01 11:27:00,3844.728999999935
2016-01-01 11:28:00,3904.722999999935
2016-01-01 11:29:00,3844.7289999999352
2016-01-01 11:30:00,3814.7319999999354
2016-01-01 11:31:00,3844.7289999999357
2016-01-01 11:32:00,3824.730999999938
2016-01-01 11:33:00,3764.7369999999387
2016-01-01 11:34:00,3734.7399999999384
2016-01-01 11:35:00,3824.7309999999384
2016-01-01 11:36:00,3884.7249999999385
2016-01-01 11:37:00,3904.722999999938
2016-01-01 11:38:00,3924.7209999999377
2016-01-01 11:39:00,3884.7249999999385
2016-01-01 11:40:00,3894.723999999939
2016-01-01 11:41:00,3874.7259999999374
2016-01-01 11:42:00,3864.726999999939
2016-01-01 11:43:00,3814.7319999999395
2016-01-01 11:44:00,3704.7429999999413
2016-01-01 11:45:00,3654.747999999943
2016-01-01 11:46:00,3714.741999999942
2016-01-01 11:47:00,3674.74599999994
2016-01-01 11:48:00,3664.7469999999394
2016-01-01 11:49:00,3644.748999999938
2016-01-01 11:50:00,3674.74599999994
2016-01-01 11:51:00,3694.743999999941
2016-01-01 11:52:00,3784.7349999999406
2016-01-01 11:53:00,3864.7269999999394
2016-01-01 11:54:00,3844.728999999938
2016-01-01 11:55:00,3824.7309999999375
2016-01-01 11:56:00,3814.7319999999377
2016-01-01 11:57:00,3814.7319999999386
2016-01-01 11:58:00,3794.7339999999394
2016-01-01 11:59:00,3774.7359999999394
2016-01-01 12:00:00,3804.7329999999406
2016-01-01 12:01:00,3844.728999999941
2016-01-01 12:02:00,3854.727999999942
2016-01-01 12:03:00,3854.727999999942
2016-01-01 12:04:00,3844.7289999999416
2016-01-01 12:05:00,3824.7309999999434
2016-01-01 12:06:00,3764.73699999994
2016-01-01 12:07:00,3734.7399999999407
2016-01-01 12:08:00,3684.74499999994
2016-01-01 12:09:00,3694.743999999938
2016-01-01 12:10:00,3764.736999999938
2016-01-01 12:11:00,3784.7349999999374
2016-01-01 12:12:00,3824.7309999999375
2016-01-01 12:13:00,3914.721999999939
2016-01-01 12:14:00,3834.7299999999386
2016-01-01 12:15:00,3734.7399999999398
2016-01-01 12:16:00,3774.735999999939
2016-01-01 12:17:00,3804.732999999939
2016-01-01 12:18:00,3734.7399999999366
2016-01-01 12:19:00,3704.742999999936
2016-01-01 12:20:00,3694.743999999937
2016-01-01 12:21:00,3674.745999999938
2016-01-01 12:22:00,3654.747999999937
2016-01-01 12:23:00,3674.7459999999382
2016-01-01 12:24:00,3614.7519999999386
2016-01-01 12:25:00,3644.748999999939
2016-01-01 12:26:00,3644.7489999999398
2016-01-01 12:27:00,3674.7459999999396
2016-01-01 12:28:00,3634.7499999999422
2016-01-01 12:29:00,3634.7499999999395
2016-01-01 12:30:00,3724.7409999999386
2016-01-01 12:31:00,3744.7389999999396
2016-01-01 12:32:00,3784.7349999999396
2016-01-01 12:33:00,3764.73699999994
2016-01-01 12:34:00,3674.74599999994
2016-01-01 12:35:00,3554.757999999941
2016-01-01 12:36:00,3564.7569999999396
2016-01-01 12:37:00,3564.7569999999405
2016-01-01 12:38:00,3524.7609999999377
2016-01-01 12:39:00,3474.7659999999382
2016-01-01 12:40:00,3464.7669999999375
2016-01-01 12:41:00,3404.7729999999383
2016-01-01 12:42:00,3424.7709999999383
2016-01-01 12:43:00,3534.759999999938
2016-01-01 12:44:00,3494.7639999999387
2016-01-01 12:45:00,3534.7599999999375
2016-01-01 12:46:00,3504.7629999999385
2016-01-01 12:47:00,3464.766999999937
2016-01-01 12:48:00,3474.765999999937
2016-01-01 12:49:00,3524.760999999937
2016-01-01 12:50:00,3664.746999999934
2016-01-01 12:51:00,3714.7419999999343
2016-01-01 12:52:00,3734.7399999999343
2016-01-01 12:53:00,3774.735999999934
2016-01-01 12:54:00,3894.723999999931
2016-01-01 12:55:00,3864.7269999999307
2016-01-01 12:56:00,3834.7299999999323
2016-01-01 12:57:00,3824.7309999999316
2016-01-01 12:58:00,3774.735999999933
2016-01-01 12:59:00,3774.735999999933
2016-01-01 13:00:00,3714.7419999999347
2016-01-01 13:01:00,3664.746999999935
2016-01-01 13:02:00,3624.750999999933
2016-01-01 13:03:00,3704.742999999932
2016-01-01 13:04:00,3804.7329999999315
2016-01-01 13:05:00,3744.738999999933
2016-01-01 13:06:00,3704.7429999999326
2016-01-01 13:07:00,3774.7359999999326
2016-01-01 13:08:00,3844.728999999931
2016-01-01 13:09:00,3874.725999999931
2016-01-01 13:10:00,3844.7289999999302
2016-01-01 13:11:00,3784.734999999931
2016-01-01 13:12:00,3794.7339999999303
2016-01-01 13:13:00,3864.7269999999307
2016-01-01 13:14:00,3894.723999999929
2016-01-01 13:15:00,3884.7249999999285
2016-01-01 13:16:00,3894.723999999929
2016-01-01 13:17:00,3924.72099999993
2016-01-01 13:18:00,3894.723999999929
2016-01-01 13:19:00,3944.718999999932
2016-01-01 13:20:00,3944.7189999999314
2016-01-01 13:21:00,3924.720999999932
2016-01-01 13:22:00,3834.7299999999314
2016-01-01 13:23:00,3774.7359999999317
2016-01-01 13:24:00,3734.739999999932
2016-01-01 13:25:00,3784.734999999932
2016-01-01 13:26:00,3774.735999999932
2016-01-01 13:27:00,3814.7319999999327
2016-01-01 13:28:00,3774.7359999999326
2016-01-01 13:29:00,3704.742999999934
2016-01-01 13:30:00,3794.7339999999335
2016-01-01 13:31:00,3784.7349999999333
2016-01-01 13:32:00,3764.7369999999337
2016-01-01 13:33:00,3714.741999999932
2016-01-01 13:34:00,3834.7299999999323
2016-01-01 13:35:00,3814.7319999999318
2016-01-01 13:36:00,3804.732999999934
2016-01-01 13:37:00,3764.7369999999346
2016-01-01 13:38:00,3874.7259999999337
2016-01-01 13:39:00,3914.721999999933
2016-01-01 13:40:00,3914.7219999999325
2016-01-01 13:41:00,3844.728999999934
2016-01-01 13:42:00,3924.720999999933
2016-01-01 13:43:00,3904.7229999999327
2016-01-01 13:44:00,3954.7179999999344
2016-01-01 13:45:00,3924.720999999937
2016-01-01 13:46:00,3894.7239999999374
2016-01-01 13:47:00,3874.7259999999383
2016-01-01 13:48:00,3924.7209999999372
2016-01-01 13:49:00,3924.7209999999354
2016-01-01 13:50:00,4014.711999999934
2016-01-01 13:51:00,4054.7079999999332
2016-01-01 13:52:00,4064.706999999934
2016-01-01 13:53:00,4154.697999999933
2016-01-01 13:54:00,4134.6999999999325
2016-01-01 13:55:00,4134.6999999999325
2016-01-01 13:56:00,4134.699999999933
2016-01-01 13:57:00,4124.700999999933
2016-01-01 13:58:00,4094.703999999933
2016-01-01 13:59:00,4014.7119999999327
2016-01-01 14:00:00,3954.7179999999357
2016-01-01 14:01:00,3984.7149999999347
2016-01-01 14:02:00,3974.7159999999326
2016-01-01 14:03:00,3974.7159999999317
2016-01-01 14:04:00,3954.7179999999325
2016-01-01 14:05:00,3864.726999999934
2016-01-01 14:06:00,3834.729999999934
2016-01-01 14:07:00,3834.7299999999336
2016-01-01 14:08:00,3894.7239999999356
2016-01-01 14:09:00,3894.7239999999356
2016-01-01 14:10:00,3874.7259999999355
2016-01-01 14:11:00,3834.729999999935
2016-01-01 14:12:00,3884.724999999933
2016-01-01 14:13:00,3884.724999999935
2016-01-01 14:14:00,4004.7129999999324
2016-01-01 14:15:00,3984.7149999999347
2016-01-01 14:16:00,4004.712999999935
2016-01-01 14:17:00,4114.701999999936
2016-01-01 14:18:00,4064.7069999999358
2016-01-01 14:19:00,4014.711999999934
2016-01-01 14:20:00,4044.708999999935
2016-01-01 14:21:00,3964.716999999936
2016-01-01 14:22:00,3904.7229999999354
2016-01-01 14:23:00,3864.7269999999353
2016-01-01 14:24:00,3784.734999999938
2016-01-01 14:25:00,3754.737999999939
2016-01-01 14:26:00,3784.734999999938
2016-01-01 14:27:00,3744.73899999994
2016-01-01 14:28:00,3764.7369999999414
2016-01-01 14:29:00,3854.727999999937
2016-01-01 14:30:00,3854.7279999999364
2016-01-01 14:31:00,3894.723999999935
2016-01-01 14:32:00,3894.7239999999347
2016-01-01 14:33:00,3884.724999999935
2016-01-01 14:34:00,3904.7229999999345
2016-01-01 14:35:00,3914.721999999935
2016-01-01 14:36:00,3814.731999999935
2016-01-01 14:37:00,3884.7249999999344
2016-01-01 14:38:00,3944.7189999999346
2016-01-01 14:39:00,3934.719999999934
2016-01-01 14:40:00,3894.7239999999365
2016-01-01 14:41:00,3884.7249999999367
2016-01-01 14:42:00,3894.723999999934
2016-01-01 14:43:00,3864.726999999936
2016-01-01 14:44:00,3894.723999999936
2016-01-01 14:45:00,3784.734999999935
2016-01-01 14:46:00,3754.7379999999357
2016-01-01 14:47:00,3774.7359999999344
2016-01-01 14:48:00,3844.7289999999357
2016-01-01 14:49:00,3854.7279999999337
2016-01-01 14:50:00,3864.7269999999335
2016-01-01 14:51:00,3904.7229999999327
2016-01-01 14:52:00,3984.7149999999333
2016-01-01 14:53:00,4004.712999999932
2016-01-01 14:54:00,4004.7129999999315
2016-01-01 14:55:00,3944.718999999932
2016-01-01 14:56:00,3844.7289999999334
2016-01-01 14:57:00,3834.7299999999327
2016-01-01 14:58:00,3774.735999999935
2016-01-01 14:59:00,3724.740999999936
2016-01-01 15:00:00,3694.743999999937
2016-01-01 15:01:00,3704.7429999999376
2016-01-01 15:02:00,3684.7449999999353
2016-01-01 15:03:00,3734.739999999934
2016-01-01 15:04:00,3724.7409999999322
2016-01-01 15:05:00,3724.7409999999345
2016-01-01 15:06:00,3684.7449999999344
2016-01-01 15:07:00,3684.744999999934
2016-01-01 15:08:00,3674.745999999935
2016-01-01 15:09:00,3624.750999999935
2016-01-01 15:10:00,3594.753999999935
2016-01-01 15:11:00,3624.7509999999374
2016-01-01 15:12:00,3664.74699999994
2016-01-01 15:13:00,3674.7459999999396
2016-01-01 15:14:00,3694.7439999999356
2016-01-01 15:15:00,3734.739999999935
2016-01-01 15:16:00,3744.738999999934
2016-01-01 15:17:00,3804.7329999999356
2016-01-01 15:18:00,3844.728999999934
2016-01-01 15:19:00,3804.7329999999342
2016-01-01 15:20:00,3794.733999999935
2016-01-01 15:21:00,3764.7369999999355
2016-01-01 15:22:00,3774.7359999999367
2016-01-01 15:23:00,3904.7229999999367
2016-01-01 15:24:00,3894.723999999937
2016-01-01 15:25:00,3784.7349999999387
2016-01-01 15:26:00,3774.7359999999376
2016-01-01 15:27:00,3734.7399999999384
2016-01-01 15:28:00,3744.7389999999405
2016-01-01 15:29:00,3794.733999999942
2016-01-01 15:30:00,3834.7299999999414
2016-01-01 15:31:00,3904.7229999999417
2016-01-01 15:32:00,3864.7269999999417
2016-01-01 15:33:00,3794.733999999942
2016-01-01 15:34:00,3734.7399999999434
2016-01-01 15:35:00,3784.7349999999424
2016-01-01 15:36:00,3834.7299999999414
2016-01-01 15:37:00,3844.7289999999443
2016-01-01 15:38:00,3834.7299999999427
2016-01-01 15:39:00,3914.721999999942
2016-01-01 15:40:00,3914.7219999999397
2016-01-01 15:41:00,3754.737999999941
2016-01-01 15:42:00,3864.726999999938
2016-01-01 15:43:00,3854.72799999994
2016-01-01 15:44:00,3764.73699999994
2016-01-01 15:45:00,3714.741999999941
2016-01-01 15:46:00,3784.7349999999396
2016-01-01 15:47:00,3814.731999999939
2016-01-01 15:48:00,3804.7329999999383
2016-01-01 15:49:00,3804.7329999999383
2016-01-01 15:50:00,3804.7329999999392
2016-01-01 15:51:00,3914.721999999936
2016-01-01 15:52:00,3944.7189999999364
2016-01-01 15:53:00,3944.7189999999387
2016-01-01 15:54:00,3834.7299999999423
2016-01-01 15:55:00,3824.730999999943
2016-01-01 15:56:00,3834.7299999999423
2016-01-01 15:57:00,3864.7269999999417
2016-01-01 15:58:00,3834.7299999999414
2016-01-01 15:59:00,3864.7269999999403
2016-01-01 16:00:00,3864.7269999999417
2016-01-01 16:01:00,3794.733999999942
2016-01-01 16:02:00,3824.7309999999425
2016-01-01 16:03:00,3774.735999999943
2016-01-01 16:04:00,3694.7439999999438
2016-01-01 16:05:00,3654.7479999999427
2016-01-01 16:06:00,3634.7499999999422
2016-01-01 16:07:00,3584.754999999943
2016-01-01 16:08:00,3614.7519999999436
2016-01-01 16:09:00,3604.752999999943
2016-01-01 16:10:00,3554.757999999944
2016-01-01 16:11:00,3594.7539999999417
2016-01-01 16:12:00,3544.7589999999423
2016-01-01 16:13:00,3474.7659999999405
2016-01-01 16:14:00,3454.76799999994
2016-01-01 16:15:00,3434.7699999999413
2016-01-01 16:16:00,3464.7669999999416
2016-01-01 16:17:00,3414.7719999999417
2016-01-01 16:18:00,3454.767999999942
2016-01-01 16:19:00,3434.769999999943
2016-01-01 16:20:00,3524.7609999999404
2016-01-01 16:21:00,3534.7599999999393
2016-01-01 16:22:00,3574.7559999999403
2016-01-01 16:23:00,3594.7539999999394
2016-01-01 16:24:00,3604.7529999999397
2016-01-01 16:25:00,3584.754999999939
2016-01-01 16:26:00,3574.7559999999376
2016-01-01 16:27:00,3624.7509999999374
2016-01-01 16:28:00,3624.7509999999393
2016-01-01 16:29:00,3654.747999999941
2016-01-01 16:30:00,3664.7469999999403
2016-01-01 16:31:00,3654.7479999999405
2016-01-01 16:32:00,3644.7489999999407
2016-01-01 16:33:00,3634.749999999942
2016-01-01 16:34:00,3694.743999999942
2016-01-01 16:35:00,3654.747999999943
2016-01-01 16:36:00,3734.7399999999434
2016-01-01 16:37:00,3764.7369999999405
2016-01-01 16:38:00,3884.72499999994
2016-01-01 16:39:00,3914.72199999994
2016-01-01 16:40:00,3894.7239999999388
2016-01-01 16:41:00,3924.7209999999395
2016-01-01 16:42:00,3904.7229999999395
2016-01-01 16:43:00,3904.722999999941
2016-01-01 16:44:00,3804.732999999941
2016-01-01 16:45:00,3774.73599999994
2016-01-01 16:46:00,3734.7399999999416
2016-01-01 16:47:00,3754.737999999942
2016-01-01 16:48:00,3804.7329999999383
2016-01-01 16:49:00,3714.741999999941
2016-01-01 16:50:00,3764.7369999999405
2016-01-01 16:51:00,3834.7299999999373
2016-01-01 16:52:00,3844.7289999999375
2016-01-01 16:53:00,3834.729999999937
2016-01-01 16:54:00,3834.729999999936
2016-01-01 16:55:00,3864.726999999936
2016-01-01 16:56:00,3864.7269999999357
2016-01-01 16:57:00,3894.723999999935
2016-01-01 16:58:00,3904.7229999999345
2016-01-01 16:59:00,3874.725999999936
2016-01-01 17:00:00,3934.719999999936
2016-01-01 17:01:00,3944.7189999999355
2016-01-01 17:02:00,4004.712999999935
2016-01-01 17:03:00,3954.7179999999344
2016-01-01 17:04:00,3924.720999999933
2016-01-01 17:05:00,3864.726999999935
2016-01-01 17:06:00,3834.729999999934
2016-01-01 17:07:00,3704.742999999934
2016-01-01 17:08:00,3624.7509999999334
2016-01-01 17:09:00,3644.7489999999325
2016-01-01 17:10:00,3614.751999999935
2016-01-01 17:11:00,3684.7449999999353
2016-01-01 17:12:00,3644.7489999999366
2016-01-01 17:13:00,3684.744999999936
2016-01-01 17:14:00,3694.7439999999374
2016-01-01 17:15:00,3644.7489999999366
2016-01-01 17:16:00,3684.744999999937
2016-01-01 17:17:00,3684.7449999999376
2016-01-01 17:18:00,3724.740999999938
2016-01-01 17:19:00,3714.7419999999393
2016-01-01 17:20:00,3724.7409999999372
2016-01-01 17:21:00,3684.744999999937
2016-01-01 17:22:00,3654.747999999935
2016-01-01 17:23:00,3634.7499999999336
2016-01-01 17:24:00,3714.7419999999356
2016-01-01 17:25:00,3724.7409999999363
2016-01-01 17:26:00,3724.740999999936
2016-01-01 17:27:00,3744.7389999999355
2016-01-01 17:28:00,3734.7399999999357
2016-01-01 17:29:00,3734.7399999999366
2016-01-01 17:30:00,3714.7419999999333
2016-01-01 17:31:00,3674.7459999999346
2016-01-01 17:32:00,3694.7439999999347
2016-01-01 17:33:00,3754.737999999935
2016-01-01 17:34:00,3764.7369999999346
2016-01-01 17:35:00,3774.735999999935
2016-01-01 17:36:00,3764.7369999999364
2016-01-01 17:37:00,3724.7409999999386
2016-01-01 17:38:00,3704.7429999999376
2016-01-01 17:39:00,3654.747999999937
2016-01-01 17:40:00,3684.744999999938
2016-01-01 17:41:00,3714.741999999937
2016-01-01 17:42:00,3704.742999999937
2016-01-01 17:43:00,3704.7429999999385
2016-01-01 17:44:00,3754.7379999999384
2016-01-01 17:45:00,3704.7429999999395
2016-01-01 17:46:00,3734.739999999936
2016-01-01 17:47:00,3774.7359999999344
2016-01-01 17:48:00,3754.737999999935
2016-01-01 17:49:00,3764.7369999999332
2016-01-01 17:50:00,3794.733999999933
2016-01-01 17:51:00,3834.729999999932
2016-01-01 17:52:00,3804.732999999934
2016-01-01 17:53:00,3874.7259999999333
2016-01-01 17:54:00,3814.7319999999336
2016-01-01 17:55:00,3804.7329999999347
2016-01-01 17:56:00,3784.734999999934
2016-01-01 17:57:00,3744.7389999999336
2016-01-01 17:58:00,3714.741999999934
2016-01-01 17:59:00,3674.7459999999346
2016-01-01 18:00:00,3744.7389999999336
2016-01-01 18:01:00,3824.7309999999334
2016-01-01 18:02:00,3824.7309999999325
2016-01-01 18:03:00,3734.7399999999334
2016-01-01 18:04:00,3684.7449999999317
2016-01-01 18:05:00,3704.742999999932
2016-01-01 18:06:00,3704.742999999933
2016-01-01 18:07:00,3664.7469999999335
2016-01-01 18:08:00,3654.747999999932
2016-01-01 18:09:00,3674.745999999931
2016-01-01 18:10:00,3644.748999999931
2016-01-01 18:11:00,3564.756999999932
2016-01-01 18:12:00,3574.7559999999326
2016-01-01 18:13:00,3574.7559999999326
2016-01-01 18:14:00,3574.7559999999326
2016-01-01 18:15:00,3514.761999999934
2016-01-01 18:16:00,3464.766999999935
2016-01-01 18:17:00,3274.78599999994
2016-01-01 18:18:00,3334.779999999938
2016-01-01 18:19:00,3484.7649999999367
2016-01-01 18:20:00,3464.766999999938
2016-01-01 18:21:00,3564.7569999999378
2016-01-01 18:22:00,3464.766999999939
2016-01-01 18:23:00,3434.7699999999386
2016-01-01 18:24:00,3474.7659999999387
2016-01-01 18:25:00,3504.7629999999363
2016-01-01 18:26:00,3504.762999999938
2016-01-01 18:27:00,3424.7709999999397
2016-01-01 18:28:00,3464.7669999999375
2016-01-01 18:29:00,3464.7669999999384
2016-01-01 18:30:00,3434.769999999935
2016-01-01 18:31:00,3424.7709999999383
2016-01-01 18:32:00,3454.7679999999386
2016-01-01 18:33:00,3464.766999999939
2016-01-01 18:34:00,3534.759999999939
2016-01-01 18:35:00,3514.7619999999392
2016-01-01 18:36:00,3564.7569999999405
2016-01-01 18:37:00,3514.761999999941
2016-01-01 18:38:00,3494.763999999941
2016-01-01 18:39:00,3524.760999999942
2016-01-01 18:40:00,3484.764999999942
2016-01-01 18:41:00,3424.7709999999424
2016-01-01 18:42:00,3384.737999999941
2016-01-01 18:43:00,3414.701999999942
2016-01-01 18:44:00,3314.668999999942
2016-01-01 18:45:00,3384.6329999999416
2016-01-01 18:46:00,3354.6139999999423
2016-01-01 18:47:00,3214.6019999999444
2016-01-01 18:48:00,3224.5709999999435
2016-01-01 18:49:00,3164.5449999999455
2016-01-01 18:50:00,3244.506999999946
2016-01-01 18:51:00,3254.480999999947
2016-01-01 18:52:00,3294.451999999945
2016-01-01 18:53:00,3264.4279999999476
2016-01-01 18:54:00,3224.4039999999504
2016-01-01 18:55:00,3174.3789999999526
2016-01-01 18:56:00,3114.3399999999538
2016-01-01 18:57:00,3064.3179999999547
2016-01-01 18:58:00,3074.2839999999514
2016-01-01 18:59:00,3074.249999999954
2016-01-01 19:00:00,3024.216999999955
2016-01-01 19:01:00,3074.172999999954
2016-01-01 19:02:00,3034.1299999999555
2016-01-01 19:03:00,3084.092999999955
2016-01-01 19:04:00,3134.068999999954
2016-01-01 19:05:00,3094.0419999999544
2016-01-01 19:06:00,3144.0099999999547
2016-01-01 19:07:00,3173.976999999955
2016-01-01 19:08:00,3183.936999999957
2016-01-01 19:09:00,3173.9039999999563
2016-01-01 19:10:00,3123.866999999957
2016-01-01 19:11:00,3103.8299999999585
2016-01-01 19:12:00,3053.8029999999585
2016-01-01 19:13:00,2913.7789999999595
2016-01-01 19:14:00,2793.7569999999614
2016-01-01 19:15:00,2733.719999999962
2016-01-01 19:16:00,2773.6819999999616
2016-01-01 19:17:00,2743.652999999962
2016-01-01 19:18:00,2753.6189999999624
2016-01-01 19:19:00,2743.5809999999624
2016-01-01 19:20:00,2733.549999999962
2016-01-01 19:21:00,2673.5309999999636
2016-01-01 19:22:00,2633.502999999962
2016-01-01 19:23:00,2583.477999999962
2016-01-01 19:24:00,2533.450999999962
2016-01-01 19:25:00,2533.4249999999624
2016-01-01 19:26:00,2503.388999999964
2016-01-01 19:27:00,2483.3609999999658
2016-01-01 19:28:00,2433.3359999999684
2016-01-01 19:29:00,2453.3009999999695
2016-01-01 19:30:00,2503.263999999969
2016-01-01 19:31:00,2473.2239999999724
2016-01-01 19:32:00,2533.1849999999727
2016-01-01 19:33:00,2483.1539999999727
2016-01-01 19:34:00,2503.123999999973
2016-01-01 19:35:00,2433.1019999999735
2016-01-01 19:36:00,2413.068999999972
2016-01-01 19:37:00,2353.044999999974
2016-01-01 19:38:00,2313.0219999999754
2016-01-01 19:39:00,2352.9909999999754
2016-01-01 19:40:00,2342.962999999976
2016-01-01 19:41:00,2312.9379999999765
2016-01-01 19:42:00,2312.905999999977
2016-01-01 19:43:00,2282.8769999999777
2016-01-01 19:44:00,2282.849999999977
2016-01-01 19:45:00,2282.815999999977
2016-01-01 19:46:00,2302.782999999977
2016-01-01 19:47:00,2262.7539999999776
2016-01-01 19:48:00,2232.719999999978
2016-01-01 19:49:00,2222.694999999978
2016-01-01 19:50:00,2192.6599999999785
2016-01-01 19:51:00,2212.6339999999786
2016-01-01 19:52:00,2232.6039999999784
2016-01-01 19:53:00,2202.556999999979
2016-01-01 19:54:00,2122.533999999979
2016-01-01 19:55:00,2032.5079999999796
2016-01-01 19:56:00,2042.4829999999795
2016-01-01 19:57:00,1992.4479999999803
2016-01-01 19:58:00,2022.4139999999802
2016-01-01 19:59:00,2012.379999999981
2016-01-01 20:00:00,2012.3519999999812
2016-01-01 20:01:00,2002.3209999999826
2016-01-01 20:02:00,1952.2929999999828
2016-01-01 20:03:00,1932.2629999999833
2016-01-01 20:04:00,1872.2369999999837
2016-01-01 20:05:00,1822.1989999999844
2016-01-01 20:06:00,1732.177999999985
2016-01-01 20:07:00,1712.136999999986
2016-01-01 20:08:00,1722.102999999986
2016-01-01 20:09:00,1712.0679999999863
2016-01-01 20:10:00,1652.0489999999872
2016-01-01 20:11:00,1652.0169999999882
2016-01-01 20:12:00,1601.9939999999895
2016-01-01 20:13:00,1611.961999999989
2016-01-01 20:14:00,1631.9339999999895
2016-01-01 20:15:00,1611.909999999991
2016-01-01 20:16:00,1621.8749999999914
2016-01-01 20:17:00,1551.849999999991
2016-01-01 20:18:00,1501.8189999999909
2016-01-01 20:19:00,1421.7869999999916
2016-01-01 20:20:00,1381.758999999991
2016-01-01 20:21:00,1341.7249999999917
2016-01-01 20:22:00,1331.6859999999924
2016-01-01 20:23:00,1331.6619999999923
2016-01-01 20:24:00,1321.6979999999924
2016-01-01 20:25:00,1301.741999999993
2016-01-01 20:26:00,1281.7579999999937
2016-01-01 20:27:00,1271.7709999999934
2016-01-01 20:28:00,1251.7829999999938
2016-01-01 20:29:00,1241.7999999999943
2016-01-01 20:30:00,1241.8169999999946
2016-01-01 20:31:00,1221.8259999999918
2016-01-01 20:32:00,1181.850999999994
2016-01-01 20:33:00,1121.8779999999954
2016-01-01 20:34:00,1111.895999999997
2016-01-01 20:35:00,1131.926999999995
2016-01-01 20:36:00,1051.9559999999974
2016-01-01 20:37:00,1011.9899999999996
2016-01-01 20:38:00,1042.0169999999991
2016-01-01 20:39:00,1062.0489999999977
2016-01-01 20:40:00,1092.0579999999973
2016-01-01 20:41:00,1082.0809999999979
2016-01-01 20:42:00,1022.1109999999993
2016-01-01 20:43:00,982.1320000000001
2016-01-01 20:44:00,992.1479999999991
2016-01-01 20:45:00,1012.1399999999978
2016-01-01 20:46:00,1032.1479999999974
2016-01-01 20:47:00,1022.1779999999981
2016-01-01 20:48:00,1052.2020000000002
2016-01-01 20:49:00,1032.2230000000006
2016-01-01 20:50:00,1032.2460000000008
2016-01-01 20:51:00,1002.2820000000015
2016-01-01 20:52:00,1022.3130000000016
2016-01-01 20:53:00,992.3290000000026
2016-01-01 20:54:00,1042.3510000000015
2016-01-01 20:55:00,1022.3930000000017
2016-01-01 20:56:00,972.4269999999985
2016-01-01 20:57:00,952.4530000000001
2016-01-01 20:58:00,992.467999999998
2016-01-01 20:59:00,922.4930000000024
2016-01-01 21:00:00,972.5089999999984
2016-01-01 21:01:00,962.537
2016-01-01 21:02:00,902.5680000000009
2016-01-01 21:03:00,932.6070000000001
2016-01-01 21:04:00,902.638000000003
2016-01-01 21:05:00,862.6460000000029
2016-01-01 21:06:00,812.6780000000037
2016-01-01 21:07:00,792.7030000000033
2016-01-01 21:08:00,792.7380000000014
2016-01-01 21:09:00,802.736000000002
2016-01-01 21:10:00,762.7610000000036
2016-01-01 21:11:00,682.8010000000036
2016-01-01 21:12:00,702.8260000000057
2016-01-01 21:13:00,662.8650000000048
2016-01-01 21:14:00,622.8920000000037
2016-01-01 21:15:00,672.9140000000064
2016-01-01 21:16:00,612.9290000000045
2016-01-01 21:17:00,642.9420000000051
2016-01-01 21:18:00,652.9900000000049
2016-01-01 21:19:00,693.0560000000072
2016-01-01 21:20:00,693.1190000000066
2016-01-01 21:21:00,723.1820000000037
2016-01-01 21:22:00,813.2269999999966
2016-01-01 21:23:00,813.2829999999987
2016-01-01 21:24:00,783.3459999999938
2016-01-01 21:25:00,833.3909999999927
2016-01-01 21:26:00,813.4439999999918
2016-01-01 21:27:00,813.4919999999929
2016-01-01 21:28:00,933.5569999999941
2016-01-01 21:29:00,913.6260000000013
2016-01-01 21:30:00,953.6739999999911
2016-01-01 21:31:00,1003.7279999999898
2016-01-01 21:32:00,1083.7829999999888
2016-01-01 21:33:00,1133.828999999989
2016-01-01 21:34:00,1183.8769999999913
2016-01-01 21:35:00,1303.9179999999863
2016-01-01 21:36:00,1323.9159999999863
2016-01-01 21:37:00,1313.9169999999838
2016-01-01 21:38:00,1323.915999999982
2016-01-01 21:39:00,1363.9119999999798
2016-01-01 21:40:00,1393.908999999979
2016-01-01 21:41:00,1383.9099999999814
2016-01-01 21:42:00,1373.9109999999835
2016-01-01 21:43:00,1363.9119999999837
2016-01-01 21:44:00,1393.9089999999833
2016-01-01 21:45:00,1383.9099999999823
2016-01-01 21:46:00,1323.9159999999824
2016-01-01 21:47:00,1273.920999999983
2016-01-01 21:48:00,1343.9139999999818
2016-01-01 21:49:00,1353.9129999999823
2016-01-01 21:50:00,1273.9209999999825
2016-01-01 21:51:00,1243.9239999999818
2016-01-01 21:52:00,1253.922999999977
2016-01-01 21:53:00,1293.9189999999733
2016-01-01 21:54:00,1293.918999999976
2016-01-01 21:55:00,1263.9219999999818
2016-01-01 21:56:00,1253.9229999999861
2016-01-01 21:57:00,1203.927999999988
2016-01-01 21:58:00,1203.9279999999897
2016-01-01 21:59:00,1193.928999999988
2016-01-01 22:00:00,1223.925999999986
2016-01-01 22:01:00,1273.920999999982
2016-01-01 22:02:00,1243.9239999999857
2016-01-01 22:03:00,1333.914999999986
2016-01-01 22:04:00,1323.915999999986
2016-01-01 22:05:00,1303.9179999999828
2016-01-01 22:06:00,1253.92299999998
2016-01-01 22:07:00,1263.9219999999812
2016-01-01 22:08:00,1333.9149999999822
2016-01-01 22:09:00,1343.9139999999857
2016-01-01 22:10:00,1473.9009999999828
2016-01-01 22:11:00,1453.9029999999839
2016-01-01 22:12:00,1353.9129999999873
2016-01-01 22:13:00,1393.9089999999874
2016-01-01 22:14:00,1353.9129999999873
2016-01-01 22:15:00,1323.9159999999856
2016-01-01 22:16:00,1253.9229999999873
2016-01-01 22:17:00,1233.924999999982
2016-01-01 22:18:00,1283.9199999999817
2016-01-01 22:19:00,1243.9239999999795
2016-01-01 22:20:00,1213.9269999999776
2016-01-01 22:21:00,1163.9319999999739
2016-01-01 22:22:00,1223.9259999999726
2016-01-01 22:23:00,1253.9229999999725
2016-01-01 22:24:00,1223.925999999982
2016-01-01 22:25:00,1253.9229999999752
2016-01-01 22:26:00,1283.9199999999782
2016-01-01 22:27:00,1263.9219999999848
2016-01-01 22:28:00,1233.9249999999865
2016-01-01 22:29:00,1323.9159999999808
2016-01-01 22:30:00,1243.9239999999852
2016-01-01 22:31:00,1213.9269999999894
2016-01-01 22:32:00,1233.9249999999897
2016-01-01 22:33:00,1243.9239999999804
2016-01-01 22:34:00,1333.9149999999804
2016-01-01 22:35:00,1373.9109999999762
2016-01-01 22:36:00,1323.9159999999779
2016-01-01 22:37:00,1393.9089999999737
2016-01-01 22:38:00,1323.915999999979
2016-01-01 22:39:00,1273.9209999999855
2016-01-01 22:40:00,1303.917999999986
2016-01-01 22:41:00,1253.9229999999789
2016-01-01 22:42:00,1313.916999999976
2016-01-01 22:43:00,1153.932999999986
2016-01-01 22:44:00,1203.927999999979
2016-01-01 22:45:00,1173.9309999999848
2016-01-01 22:46:00,1223.925999999982
2016-01-01 22:47:00,1293.9189999999803
2016-01-01 22:48:00,1213.9269999999885
2016-01-01 22:49:00,1233.9249999999854
2016-01-01 22:50:00,1233.9249999999836
2016-01-01 22:51:00,1243.9239999999807
2016-01-01 22:52:00,1213.9269999999856
2016-01-01 22:53:00,1213.9269999999874
2016-01-01 22:54:00,1233.9249999999913
2016-01-01 22:55:00,1253.922999999988
2016-01-01 22:56:00,1233.9249999999913
2016-01-01 22:57:00,1123.9359999999929
2016-01-01 22:58:00,1113.9369999999915
2016-01-01 22:59:00,1143.9339999999909
2016-01-01 23:00:00,1173.9309999999914
2016-01-01 23:01:00,1203.9279999999903
2016-01-01 23:02:00,1133.9349999999934
2016-01-01 23:03:00,1063.941999999993
2016-01-01 23:04:00,1053.942999999993
2016-01-01 23:05:00,1053.9429999999866
2016-01-01 23:06:00,1083.9399999999841
2016-01-01 23:07:00,1113.9369999999853
2016-01-01 23:08:00,1173.930999999985
2016-01-01 23:09:00,1113.936999999989
2016-01-01 23:10:00,1113.9369999999892
2016-01-01 23:11:00,1123.9359999999867
2016-01-01 23:12:00,1183.929999999983
2016-01-01 23:13:00,1263.921999999981
2016-01-01 23:14:00,1213.926999999983
2016-01-01 23:15:00,1193.9289999999844
2016-01-01 23:16:00,1103.9379999999915
2016-01-01 23:17:00,1203.927999999988
2016-01-01 23:18:00,1213.9269999999906
2016-01-01 23:19:00,1253.9229999999902
2016-01-01 23:20:00,1263.9219999999905
2016-01-01 23:21:00,1273.92099999999
2016-01-01 23:22:00,1263.9219999999884
2016-01-01 23:23:00,1213.9269999999901
2016-01-01 23:24:00,1193.8659999999932
2016-01-01 23:25:00,1243.8259999999957
2016-01-01 23:26:00,1293.771999999995
2016-01-01 23:27:00,1273.708999999996
2016-01-01 23:28:00,1223.6609999999964
2016-01-01 23:29:00,1153.6049999999973
2016-01-01 23:30:00,1163.5399999999995
2016-01-01 23:31:00,1193.4909999999995
2016-01-01 23:32:00,1163.4289999999992
2016-01-01 23:33:00,1063.385
2016-01-01 23:34:00,1093.3309999999967
2016-01-01 23:35:00,1063.2809999999965
2016-01-01 23:36:00,983.2309999999982
2016-01-01 23:37:00,983.1709999999949
2016-01-01 23:38:00,953.106999999998
2016-01-01 23:39:00,953.0569999999964
2016-01-01 23:40:00,863.0130000000034
2016-01-01 23:41:00,892.9450000000006
2016-01-01 23:42:00,872.8790000000002
2016-01-01 23:43:00,802.8349999999995
2016-01-01 23:44:00,772.7650000000032
2016-01-01 23:45:00,752.7150000000048
2016-01-01 23:46:00,732.667000000006
2016-01-01 23:47:00,742.6089999999994
2016-01-01 23:48:00,702.556000000003
2016-01-01 23:49:00,682.503999999999
2016-01-01 23:50:00,612.4600000000038
2016-01-01 23:51:00,632.393000000003
2016-01-01 23:52:00,522.3440000000033
2016-01-01 23:53:00,522.2930000000041
2016-01-01 23:54:00,532.2390000000033
2016-01-01 23:55:00,542.184000000003
2016-01-01 23:56:00,592.1260000000038
2016-01-01 23:57:00,582.0720000000033
2016-01-01 23:58:00,552.0090000000031
2016-01-01 23:59:00,541.9540000000023
